:020000040800F2
:10000000000001202D120008C9110008CF110008BE
:10001000D5110008DB110008E11100080000000004
:10002000000000000000000000000000D16800088F
:10003000E711000800000000216B0008A15F000824
:100040007D1200087D1200087D1200087D12000854
:100050007D1200087D1200087D1200087D12000844
:100060007D1200087D1200087D1200087D12000834
:100070007D1200087D1200087D1200087D12000824
:100080007D1200087D1200087D1200087D12000814
:100090007D1200087D1200087D1200087D12000804
:1000A0007D1200087D1200087D1200087D120008F4
:1000B0007D12000800000000000000007D12000812
:1000C0007D1200087D1200087D1200087D120008D4
:1000D0007D1200087D1200087D1200087D120008C4
:1000E0007D1200087D1200080000000000000000E2
:1000F0000000000000000000000000000000000000
:10010000000000007D120008000000007D120008C1
:100110000000000000000000F51100087D1200083A
:100120007D1200087D1200087D1200087D12000873
:100130007D12000800000000000000000000000028
:100140007D1200087D1200087D12000800000000EA
:100150007D1200087D1200087D1200087D12000843
:100160007D1200087D1200087D12000800000000CA
:100170007D1200087D120008000000000000000051
:0C0180007D1200087D1200087D120008AE
:1001900010B5054C237833B9044B13B10448AFF3C1
:1001A00000800123237010BDA40000200000000087
:1001B0008CAE000808B5034B1BB103490348AFF3ED
:1001C000008008BD00000000A80000208CAE0008E0
:1001D00053B94AB9002908BF00281CBF4FF0FF31AE
:1001E0004FF0FF3000F074B9ADF1080C6DE904CEAA
:1001F00000F006F8DDF804E0DDE9022304B0704702
:100200002DE9F047089D04468E46002B4DD18A42C9
:10021000944669D9B2FA82F252B101FA02F3C2F1FC
:10022000200120FA01F10CFA02FC41EA030E94408D
:100230004FEA1C48210CBEFBF8F61FFA8CF708FBAE
:1002400016E341EA034306FB07F199420AD91CEB86
:10025000030306F1FF3080F01F81994240F21C81B8
:10026000023E63445B1AA4B2B3FBF8F008FB103300
:1002700044EA034400FB07F7A7420AD91CEB040435
:1002800000F1FF3380F00A81A74240F20781644405
:10029000023840EA0640E41B00261DB1D44000238A
:1002A000C5E900433146BDE8F0878B4209D9002DEE
:1002B00000F0EF800026C5E9000130463146BDE878
:1002C000F087B3FA83F6002E4AD18B4202D38242E2
:1002D00000F2F980841A61EB030301209E46002D91
:1002E000E0D0C5E9004EDDE702B9FFDEB2FA82F2E6
:1002F000002A40F09280A1EB0C014FEA1C471FFA44
:100300008CFE0126200CB1FBF7F307FB131140EA2A
:1003100001410EFB03F0884208D91CEB010103F1F7
:10032000FF3802D2884200F2CB804346091AA4B2B9
:10033000B1FBF7F007FB101144EA01440EFB00FE8D
:10034000A64508D91CEB040400F1FF3102D2A645F2
:1003500000F2BB800846A4EB0E0440EA03409CE791
:10036000C6F12007B34022FA07FC4CEA030C20FA3E
:1003700007F401FA06F31C43F9404FEA1C4900FA5E
:1003800006F3B1FBF9F8200C1FFA8CFE09FB1811DB
:1003900040EA014108FB0EF0884202FA06F20BD94E
:1003A0001CEB010108F1FF3A80F08880884240F29E
:1003B0008580A8F102086144091AA4B2B1FBF9F0E2
:1003C00009FB101144EA014100FB0EFE8E4508D9DD
:1003D0001CEB010100F1FF346CD28E456AD9023862
:1003E000614440EA0840A0FB0294A1EB0E01A14247
:1003F000C846A64656D353D05DB1B3EB080261EBB5
:100400000E0101FA07F722FA06F3F1401F43C5E98E
:10041000007100263146BDE8F087C2F12003D840C4
:100420000CFA02FC21FA03F3914001434FEA1C4706
:100430001FFA8CFEB3FBF7F007FB10360B0C43EAF8
:10044000064300FB0EF69E4204FA02F408D91CEBA8
:10045000030300F1FF382FD29E422DD902386344A6
:100460009B1B89B2B3FBF7F607FB163341EA034146
:1004700006FB0EF38B4208D91CEB010106F1FF3895
:1004800016D28B4214D9023E6144C91A46EA00468C
:1004900038E72E46284605E70646E3E61846F8E61E
:1004A0004B45A9D2B9EB020864EB0C0E0138A3E767
:1004B0004646EAE7204694E74046D1E7D0467BE748
:1004C000023B614432E7304609E76444023842E7C0
:1004D000704700BF034613F8012B002AFBD1181AFE
:1004E0000138704780B400AF00BFBD465DF8047BA3
:1004F000704780B400AF00231846BD465DF8047B0A
:1005000070470000F0B589B008AF05F0E6FC00F0D8
:100510002DF800F073FA00F041FA00F0BDF900F098
:100520000FF900F073F800F0D5F80F4E072306938B
:100530006D4606F110040FCC0FC594E8030085E862
:10054000030096E80F000AF01BF90AF011F809F011
:10055000C9FD09F0BDFD00F0B9FB09F091FA05F005
:1005600039FD05F05BFDFEE72401002080B596B063
:1005700000AF07F114034422002118460AF0A8FB3B
:100580003B4600221A605A609A60DA601A614FF4A2
:10059000007002F04BFC0346002B01D000F000FB82
:1005A00001237B614FF48033BB610223FB63032390
:1005B0003B6401237B641423BB640723FB64022395
:1005C0003B6504237B6507F11403184602F08EFF98
:1005D0000346002B01D000F0E3FA0F233B60032316
:1005E0007B600023BB600023FB6000233B613B4634
:1005F0000421184603F08EFB0346002B01D000F0C7
:10060000CFFA00BF5837BD4680BD000080B586B028
:1006100000AF3B4600221A605A609A60DA601A61A5
:100620005A61294B294A1A60274B00225A60264BEF
:1006300000229A60244B0022DA60234B00221A61C8
:10064000214B04225A61204B00221A761E4B0122B4
:100650005A761D4B0122DA611B4B002283F82020C1
:10066000194B00229A62184B0022DA62164B0022C4
:1006700083F83020144B00225A63134B002283F876
:100680003820114800F088FF0346002B01D000F00D
:1006900087FA0F4B3B6006237B600023BB607F2300
:1006A000FB6004233B6100237B613B4619460648FF
:1006B00001F0BAF80346002B01D000F071FA00BF38
:1006C0001837BD4680BD00BFC000002000000450A8
:1006D000000052C780B500AF174B184A1A60164B7E
:1006E00028225A60144B00229A60134B0022DA60D1
:1006F000114B4FF440221A610F4B4FF480125A6194
:100700000D4B00221A760C4B00225A760A4B00221F
:100710009A76094B0022DA76074B00221A77064BAD
:1007200000225A77044801F05FFC0346002B01D0F9
:1007300000F036FA00BF80BD2401002000640040B4
:1007400080B59AB000AF07F1580300221A605A60D2
:100750009A60DA6007F14C0300221A605A609A60CE
:1007600007F1300300221A605A609A60DA601A6159
:100770005A619A613B1D2C22002118460AF0A8FA02
:10078000434B444A1A60424B4F225A60404B00226E
:100790009A603F4B6322DA603D4B00221A613C4B6A
:1007A00000225A613A4B00229A61394803F002FE56
:1007B0000346002B01D000F0F3F94FF48053BB65E2
:1007C00007F158031946324804F09CFA0346002BFF
:1007D00001D000F0E5F92E4803F098FE0346002B07
:1007E00001D000F0DDF90023FB6400233B6500230A
:1007F0007B6507F14C031946254803F0DFFC0346EF
:10080000002B01D000F0CCF960233B6300237B6315
:100810000023BB630023FB6300233B6400237B6452
:100820000023BB6407F1300300221946184804F086
:1008300055F90346002B01D000F0B2F900237B608C
:100840000023BB600023FB6000233B6100237B612E
:100850004FF40053BB610023FB6100233B624FF068
:1008600000737B620023BB620023FB623B1D1946C1
:10087000074803F009FD0346002B01D000F090F972
:10088000034800F055FB00BF6837BD4680BD00BF80
:100890004C010020002C014080B58EB000AF07F164
:1008A000280300221A605A609A60DA6007F11C037C
:1008B00000221A605A609A603B4600221A605A6011
:1008C0009A60DA601A615A619A61334B4FF0804244
:1008D0001A60314B4F225A602F4B00229A602E4BE8
:1008E00041F28732DA602C4B00221A612A4B002237
:1008F0009A61294803F05EFD0346002B01D000F009
:100900004FF94FF48053BB6207F128031946224880
:1009100004F0F8F90346002B01D000F041F91E481D
:1009200003F0F4FD0346002B01D000F039F9002359
:10093000FB6100237B6207F11C031946164803F094
:100940003DFC0346002B01D000F02AF960233B60F8
:1009500000237B600023BB6000233B613B460022F9
:1009600019460D4804F0BAF80346002B01D000F0F8
:1009700017F93B460C221946074804F0AFF8034626
:10098000002B01D000F00CF9034800F0D1FA00BFB1
:100990003837BD4680BD00BF9801002080B500AF4C
:1009A000144B154A1A60134B4FF416525A60114BF0
:1009B00000229A600F4B0022DA600E4B00221A616F
:1009C0000C4B0C225A610B4B00229A61094B0022FE
:1009D000DA61084B00221A62064B00225A6205486F
:1009E00004F023FE0346002B01D000F0D9F800BF2D
:1009F00080BD00BFE40100200038014080B58AB00E
:100A000000AF07F1140300221A605A609A60DA609E
:100A10001A61564BDB6C554A43F08003D364534B49
:100A2000DB6C03F080033B613B69504BDB6C4F4A4E
:100A300043F00403D3644D4BDB6C03F00403FB6011
:100A4000FB684A4BDB6C494A43F00103D364474BD4
:100A5000DB6C03F00103BB60BB68444BDB6C434AB7
:100A600043F00203D364414BDB6C03F002037B6071
:100A70007B683E4BDB6C3D4A43F00803D3643B4B41
:100A8000DB6C03F008033B603B68002240F60F413B
:100A9000374802F08BF9002203214FF0904002F01A
:100AA00085F9002240F20541324802F07FF9002228
:100AB0000421314802F07AF940F60F437B610123AB
:100AC000BB610023FB6100233B6207F1140319465D
:100AD000274801F0D9FF03237B610123BB61002379
:100AE000FB6100233B6207F1140319464FF090406D
:100AF00001F0CAFF40F205437B610123BB61002383
:100B0000FB6100233B6207F114031946194801F009
:100B1000BBFF4FF202237B610023BB610023FB611B
:100B200007F114031946134801F0AEFF4FF4905338
:100B30007B610023BB610023FB6107F114031946AD
:100B40000B4801F0A1FF04237B610123BB6100235B
:100B5000FB6100233B6207F114031946064801F0CC
:100B600093FF00BF2837BD4680BD00BF0010024084
:100B70000008004800040048000C004880B582B01E
:100B800000AF78607B681B68044A934201D105F08E
:100B9000BDF900BF0837BD4680BD00BF0010004052
:100BA00080B400AF72B600BFFEE780B588B002AF78
:100BB00078600023FB7307F10F03012200920022EB
:100BC0000021032009F0D6FBFB7B012B15D1052367
:100BD0003B7400237B7407F11002022305210820D7
:100BE00009F036FB00233B7400237B7407F11002ED
:100BF00002230021032009F02BFB0A2005F0C6FA8E
:100C0000E2E7000080B584B000AF78600023FB739A
:100C10000A4809F04DFDFB7B1946012009F096FDBD
:100C200001214FF0904002F0D9F8FB7B0133FB73B8
:100C30004FF47A7005F0AAFAEAE700BFFCAE0008AC
:100C400080B588B002AF78600323FB7307F10F0310
:100C50000122009200220221032009F08BFBFB7B82
:100C6000012B16D106233B7401237B7407F110027C
:100C700002230621082009F0EBFA02233B74032328
:100C80007B7407F1100202230221032009F0E0FA2D
:100C900018E0FB7B002B15D106233B7400237B74EB
:100CA00007F1100202230621082009F0D1FA0223DD
:100CB0003B7403237B7407F11002022302210320FB
:100CC00009F0C6FA0A2005F061FAC8E780B500AF5E
:100CD0000C4A00210C4805F0C7F903460B4A136083
:100CE0000B4A00210B4805F0BFF903460A4A13607E
:100CF0000A4A00210A4805F0B7F90346094A136079
:100D000000BF80BDB8AF0008AB0B00086802002030
:100D1000DCAF0008050C00086C02002000B00008E1
:100D2000410C00087002002080B582B000AF114B6A
:100D30001B6E104A43F0010313660E4B1B6E03F04B
:100D400001037B607B680B4B9B6D0A4A43F0805329
:100D50009365084B9B6D03F080533B603B6800221A
:100D60000F216FF0010001F065FE00BF0837BD469E
:100D700080BD00BF0010024080B5A0B000AF786019
:100D800007F16C0300221A605A609A60DA601A61F7
:100D900007F110035C220021184609F099FF7B68D7
:100DA0001B68254A934242D14FF480433B614FF088
:100DB00080533B6603237B610123BB611423FB61EA
:100DC00007233B6202237B620423BB624FF08073E4
:100DD000FB6207F11003184602F07EF80346002B71
:100DE00001D0FFF7DDFE154BDB6C144A43F40053D2
:100DF000D364124BDB6C03F40053FB60FB680F4BB6
:100E0000DB6C0E4A43F00403D3640C4BDB6C03F041
:100E10000403BB60BB681023FB6603233B6700230E
:100E20007B6707F16C031946054801F02DFE00BFF2
:100E30008037BD4680BD00BF000004500010024056
:100E40000008004880B58AB000AF786007F114034D
:100E500000221A605A609A60DA601A617B681B6827
:100E6000184A934229D1184B9B6D174A43F00073DF
:100E70009365154B9B6D03F000733B613B69124B0F
:100E8000DB6C114A43F00103D3640F4BDB6C03F0BE
:100E90000103FB60FB684FF4C0537B610223BB611D
:100EA0000023FB6103233B6209237B6207F11403E8
:100EB00019464FF0904001F0E7FD00BF2837BD46CE
:100EC00080BD00BF006400400010024080B485B0C7
:100ED00000AF78607B681B68134A93420CD1134BB8
:100EE0001B6E124A43F400631366104B1B6E03F42F
:100EF0000063FB60FB6810E07B681B68B3F1804F08
:100F00000BD10A4B9B6D094A43F001039365074BD4
:100F10009B6D03F00103BB60BB6800BF1437BD4687
:100F20005DF8047B704700BF002C014000100240B8
:100F300080B58AB000AF786007F1140300221A6010
:100F40005A609A60DA601A617B681B68324A934281
:100F50001ED1324BDB6C314A43F00103D3642F4B7B
:100F6000DB6C03F001033B613B694FF480737B61F1
:100F70000223BB610023FB6100233B6201237B62F0
:100F800007F1140319464FF0904001F07DFD3FE05A
:100F90007B681B68B3F1804F3AD1204BDB6C1F4A52
:100FA00043F00203D3641D4BDB6C03F00203FB60D0
:100FB000FB681A4BDB6C194A43F00103D364174BEF
:100FC000DB6C03F00103BB60BB684FF400637B6123
:100FD0000223BB610023FB6100233B6201237B6290
:100FE00007F1140319460E4801F04EFD4FF400437B
:100FF0007B610223BB610023FB6100233B62012371
:101000007B6207F1140319464FF0904001F03CFD5C
:1010100000BF2837BD4680BD002C014000100240B3
:101020000004004880B5A0B000AF786007F16C0301
:1010300000221A605A609A60DA601A6107F11003A0
:101040005C220021184609F043FE7B681B681F4A9A
:10105000934237D101233B6100233B6307F1100327
:10106000184601F039FF0346002B01D0FFF798FD29
:10107000174B1B6E164A43F480431366144B1B6ECA
:1010800003F48043FB60FB68114BDB6C104A43F0B8
:101090000103D3640E4BDB6C03F00103BB60BB6840
:1010A0004FF4C063FB6602233B6700237B67032387
:1010B000BB670723FB6707F16C0319464FF09040AD
:1010C00001F0E2FC00BF8037BD4680BD0038014022
:1010D0000010024080B58EB000AF7860002387F822
:1010E0003330344B9B6D334A43F010039365314BDF
:1010F0009B6D03F01003FB60FB6807F1100207F122
:1011000014031146184602F0C7FF3B6AFB62FB6AF4
:10111000002B03D102F094FF786304E002F090FF0B
:1011200003465B007B637B6B234AA2FB03239B0C80
:10113000013BBB62214B224A1A60204B40F2E7324E
:10114000DA601E4ABB6A53601C4B00221A611B4BBB
:1011500000229A60194B00229A61184803F02AF97C
:10116000034687F8333097F83330002B1BD11348F0
:1011700003F078F9034687F8333097F83330002BC3
:1011800011D1362001F072FC7B680F2B08D80022A9
:101190007968362001F04EFC0A4A7B68136002E051
:1011A000012387F8333097F8333018463837BD4677
:1011B00080BD00BF0010024083DE1B43740200208C
:1011C000001000400400002080B400AFFEE780B4AF
:1011D00000AFFEE780B400AFFEE780B400AFFEE7EB
:1011E00080B400AFFEE780B400AF00BFBD465DF83D
:1011F000047B704780B500AF024803F04FFB00BF8F
:1012000080BD00BF7402002080B400AF064BD3F84D
:101210008830054A43F47003C2F8883000BFBD46E9
:101220005DF8047B704700BF00ED00E0DFF834D0CC
:10123000FFF7EAFF0C480D490D4A002302E0D4589D
:10124000C4500433C4188C42F9D30A4A0A4C002310
:1012500001E013600432A242FBD309F005FDFFF761
:1012600051F9FEE70000012000000020A40000204A
:10127000D8B10008A400002024610020FEE780B45B
:1012800083B000AF786039607B689B6823F47C1280
:101290003B681A437B689A6000BF0C37BD465DF817
:1012A000047B704780B483B000AF786039607B689E
:1012B0009B6823F0E0723B681A437B689A6000BF2A
:1012C0000C37BD465DF8047B704780B483B000AF37
:1012D00078607B689B6803F0E07318460C37BD4666
:1012E0005DF8047B7047000080B487B000AFF86001
:1012F000B9607A603B60FB6860331A46BB689B004C
:1013000013447B617B691A68084B13407A6802F0CA
:10131000F8413A680A43134343F000427B691A607C
:1013200000BF1C37BD465DF8047B704700F0FF032B
:1013300080B485B000AF786039607B6860331A464E
:101340003B689B001344FB60FB681B6803F0F84399
:1013500018461437BD465DF8047B704780B487B0EB
:1013600000AFF860B9607A60FB6860331A46BB680A
:101370009B0013447B617B691B6823F000427B6800
:101380001A437B691A6000BF1C37BD465DF8047BB9
:10139000704780B487B000AFF860B9607A60FB68CE
:1013A00030331A46BB681B0A9B0003F00C0313443E
:1013B0007B617B691A68BB6803F01F031F2101FA78
:1013C00003F3DB431A407B689B0E03F01F01BB68ED
:1013D00003F01F0301FA03F31A437B691A6000BF8D
:1013E0001C37BD465DF8047B704780B487B000AF02
:1013F000F860B9607A60FB6814331A46BB685B0E0C
:101400009B0003F0040313447B617B691A68BB688B
:101410001B0D03F01F03072101FA03F3DB431A40FE
:10142000BB681B0D03F01F03796801FA03F31A432D
:101430007B691A6000BF1C37BD465DF8047B7047AE
:1014400080B485B000AFF860B9607A60FB68D3F80B
:10145000B020BB68C3F31203DB431A407B6803F080
:1014600018030849D940BB680B40C3F312031A4361
:10147000FB68C3F8B02000BF1437BD465DF8047B9D
:10148000704700BFFFFF070080B483B000AF7860F3
:101490007B689B6823F0204323F03F037A689360C6
:1014A00000BF0C37BD465DF8047B704780B483B045
:1014B00000AF78607B689B6803F00053B3F1005F76
:1014C00001D1012300E0002318460C37BD465DF82A
:1014D000047B704780B483B000AF78607B689B6802
:1014E00023F0104323F03F0343F080527B689A605F
:1014F00000BF0C37BD465DF8047B704780B483B0F5
:1015000000AF78607B689B6803F08053B3F1805F25
:1015100001D1012300E0002318460C37BD465DF8D9
:10152000047B704780B483B000AF78607B689B68B1
:1015300003F00103012B01D1012300E00023184631
:101540000C37BD465DF8047B704780B483B000AFB4
:1015500078607B689B6803F00403042B01D10123AE
:1015600000E0002318460C37BD465DF8047B704749
:1015700080B483B000AF78607B689B6803F0080399
:10158000082B01D1012300E0002318460C37BD468B
:101590005DF8047B7047000080B588B000AF7860CC
:1015A0000023FB770023BB607B68002B01D1012364
:1015B0002CE17B681B69002B7B685B6D002B09D1DC
:1015C0007868FFF7D9FB7B6800229A657B68002268
:1015D00083F850207B681B681846FFF767FF0346B7
:1015E000002B04D07B681B681846FFF74DFF7B6813
:1015F0001B681846FFF782FF0346002B15D17B6856
:101600001B681846FFF766FF824B1B689B09824ADE
:10161000A2FB03239B0901335B00BB6002E0BB68B4
:10162000013BBB60BB68002BF9D17B681B68184687
:10163000FFF764FF0346002B0DD17B685B6D43F021
:1016400010027B685A657B689B6D43F001027B68E2
:101650009A650123FB777B681B681846FFF775FFC7
:1016600078617B685B6D03F01003002B40F0C58050
:101670007B69002B40F0C1807B685B6D23F4817334
:1016800043F002027B685A657B681B681846FFF7C7
:1016900049FF0346002B0BD16048FFF743FF034689
:1016A000002B05D17B685B6819465D48FFF7E7FDB5
:1016B0007B685B7E5A037B685B6B1A437B68DB68E5
:1016C0001A437B689B681A437B6893F820301B049D
:1016D0001343BB617B6893F82030012B06D17B68F4
:1016E0005B6A013B5B04BA691343BB617B689B6A1D
:1016F000002B09D07B689B6A03F470727B68DB6AFD
:101700001343BA691343BB617B681B68DA68454BB6
:1017100013407A681268B9690B43D3607B681B6811
:101720001846FFF712FF38617B681B681846FFF701
:101730001FFFF8603B69002B3DD1FB68002B3AD1BD
:101740007B681B7E9A037B6893F830305B00134301
:10175000BB617B681B68DB6823F4804323F00203D2
:101760007A681268B9690B43D3607B6893F83830A4
:10177000012B18D17B681B681B6923F4FF6323F0DE
:1017800004037A68D16B7A68126C11437A68526CE0
:1017900011437A68926C0A431A437B681B6842F0D3
:1017A00001021A6107E07B681B681A697B681B6885
:1017B00022F001021A617B681B69012B0CD17B6846
:1017C0001B681B6B23F00F017B68DB695A1E7B686B
:1017D0001B680A431A6307E07B681B681A6B7B6807
:1017E0001B6822F00F021A637B685B6D23F0030312
:1017F00043F001027B685A6507E07B685B6D43F04C
:1018000010027B685A650123FB77FB7F184620375F
:10181000BD4680BD00000020632D3E050000045041
:101820000003045007C0F0FF80B5B6B000AF786089
:101830003960002387F8D7300023FB607B6893F87A
:101840005030012B01D10223B9E37B68012283F8D8
:1018500050207B681B681846FFF777FE0346002B75
:1018600040F09E833B685B68052B24D83B685B682F
:10187000023B032B1BD801A252F823F08D1800085D
:10188000951800089D180008A51800083B680C2250
:101890005A6011E03B6812225A600DE03B68182242
:1018A0005A6009E03B684FF480725A6004E03B687C
:1018B00006225A6000E000BF7B6818683B685968E0
:1018C0003B681B681A46FFF764FD7B681B68184677
:1018D000FFF73BFEC7F8D0007B681B681846FFF790
:1018E00047FEC7F8CC00D7F8D030002B40F0A681D7
:1018F000D7F8CC30002B40F0A1817B6818683B689A
:1019000019683B689B681A46FFF76FFD3B685A6988
:101910007B681B68DB68DB0803F003035B0002FAEB
:1019200003F3C7F8C8303B681B69042B0AD07B68F7
:1019300018683B6819693B681A68D7F8C830FFF720
:10194000D3FC7BE17B681B6800211846FFF7F0FCA5
:101950000346C3F31203002B0AD17B681B680021E6
:101960001846FFF7E5FC03469B0E03F01F021EE03E
:101970007B681B6800211846FFF7DAFC0346C7F8AE
:10198000BC30D7F8BC3093FAA3F3C7F8B830D7F817
:10199000B830C7F8C030D7F8C030002B01D12023B1
:1019A00004E0D7F8C030B3FA83F3DBB21A463B68E1
:1019B0001B68C3F31203002B05D13B681B689B0E09
:1019C00003F01F0318E03B681B68C7F8B030D7F876
:1019D000B03093FAA3F3C7F8AC30D7F8AC30C7F8FF
:1019E000B430D7F8B430002B01D1202304E0D7F86D
:1019F000B430B3FA83F3DBB29A4206D17B681B683A
:101A0000002200211846FFF7A9FC7B681B68012112
:101A10001846FFF78DFC0346C3F31203002B0AD1CF
:101A20007B681B6801211846FFF782FC03469B0E6A
:101A300003F01F021EE07B681B6801211846FFF7B8
:101A400077FC0346C7F8A430D7F8A43093FAA3F381
:101A5000C7F8A030D7F8A030C7F8A830D7F8A8301A
:101A6000002B01D1202304E0D7F8A830B3FA83F388
:101A7000DBB21A463B681B68C3F31203002B05D187
:101A80003B681B689B0E03F01F0318E03B681B6854
:101A9000C7F89830D7F8983093FAA3F3C7F8943082
:101AA000D7F89430C7F89C30D7F89C30002B01D180
:101AB000202304E0D7F89C30B3FA83F3DBB29A42D8
:101AC00006D17B681B68002201211846FFF746FCFF
:101AD0007B681B6802211846FFF72AFC0346C3F304
:101AE0001203002B0AD17B681B6802211846FFF7FE
:101AF0001FFC03469B0E03F01F021EE07B681B6861
:101B000002211846FFF714FC0346C7F88C30D7F8BB
:101B10008C3093FAA3F3C7F88830D7F88830C7F829
:101B20009030D7F89030002B01D1202304E0D7F873
:101B30009030B3FA83F3DBB21A463B681B68C3F3F9
:101B40001203002B05D13B681B689B0E03F01F039B
:101B500016E03B681B68C7F88030D7F8803093FAEE
:101B6000A3F3FB67FB6FC7F88430D7F88430002BF2
:101B700001D1202304E0D7F88430B3FA83F3DBB239
:101B80009A4206D17B681B68002202211846FFF7A3
:101B9000E5FB7B681B6803211846FFF7C9FB03467A
:101BA000C3F31203002B0AD17B681B68032118467C
:101BB000FFF7BEFB03469B0E03F01F0217E07B6896
:101BC0001B6803211846FFF7B3FB03467B677B6F57
:101BD00093FAA3F33B673B6FBB67BB6F002B01D14D
:101BE000202303E0BB6FB3FA83F3DBB21A463B68F2
:101BF0001B68C3F31203002B05D13B681B689B0EC7
:101C000003F01F0311E03B681B68BB66BB6E93FAD1
:101C1000A3F37B667B6EFB66FB6E002B01D120235A
:101C200003E0FB6EB3FA83F3DBB29A4206D17B6822
:101C30001B68002203211846FFF790FB7B681B6896
:101C40001846FFF76FFC0346002B40F03F817B688E
:101C500018683B6819683B68DB681A46FFF7F0FBB9
:101C60003B68DB688E4A934240F030817B6818689D
:101C70003B681B68C3F31203002B0BD13B681B6846
:101C80009B0E013303F01F03092B94BF0123002394
:101C9000DBB219E03B681B68FB65FB6D93FAA3F3AD
:101CA000BB65BB6D3B663B6E002B01D1202303E07F
:101CB0003B6EB3FA83F3DBB2013303F01F03092B4E
:101CC00094BF01230023DBB2002B79D03B681B6853
:101CD000C3F31203002B07D13B681B689B0E013333
:101CE0009B0603F0F84215E03B681B683B653B6DC3
:101CF00093FAA3F3FB64FB6C7B657B6D002B01D136
:101D0000202303E07B6DB3FA83F3DBB201339B0640
:101D100003F0F8423B681B68C3F31203002B09D1A0
:101D20003B681B689B0E013303F01F03012101FA7E
:101D300003F317E03B681B687B647B6C93FAA3F3A7
:101D40003B643B6CBB64BB6C002B01D1202303E0E4
:101D5000BB6CB3FA83F3DBB2013303F01F03012141
:101D600001FA03F342EA03013B681B68C3F3120361
:101D7000002B0AD13B681B689B0E013303F01F0246
:101D800013465B0013441B0518E03B681B68BB63EC
:101D9000BB6B93FAA3F37B637B6BFB63FB6B002B47
:101DA00001D1202303E0FB6BB3FA83F3DBB20133F1
:101DB00003F01F0213465B0013441B050B4380E036
:101DC0003B681B68C3F31203002B07D13B681B68F9
:101DD0009B0E01339B0603F0F84215E03B681B683D
:101DE000FB62FB6A93FAA3F3BB62BB6A3B633B6B88
:101DF000002B01D1202303E03B6BB3FA83F3DBB26A
:101E000001339B0603F0F8423B681B68C3F31203DF
:101E1000002B09D13B681B689B0E013303F01F03A5
:101E2000012101FA03F317E03B681B683B623B6A40
:101E300093FAA3F3FB61FB697B627B6A002B01D100
:101E4000202303E07B6AB3FA83F3DBB2013303F0B0
:101E50001F03012101FA03F342EA03013B681B68F7
:101E6000C3F31203002B0DD13B681B689B0E01339B
:101E700003F01F0213465B0013441E3B1B0543F097
:101E800000731DE03B681B687B617B6993FAA3F3D9
:101E90003B613B69BB61BB69002B03D1202305E09B
:101EA00000007F40BB69B3FA83F3DBB2013303F078
:101EB0001F0213465B0013441E3B1B0543F00073D7
:101EC0000B433A6892681946FFF78FFA3B681A6825
:101ED0003D4B1340002B6CD03C48FFF7F6F9C7F898
:101EE000C4003B681B683A4A934227D1D7F8C430F4
:101EF00003F40003002B21D17B681B68354A934211
:101F000057D1D7F8C43043F4000319462F48FFF7E0
:101F1000C9F9314B1B689B09304AA2FB03239B097B
:101F20005A1C13465B0013449B00FB6002E0FB68F5
:101F3000013BFB60FB68002BF9D13AE03B681B6872
:101F4000274A934213D1D7F8C43003F08073002B93
:101F50000DD17B681B681F4A93422AD1D7F8C43041
:101F600043F0807319461948FFF79CF921E03B685C
:101F70001B681C4A93421CD1D7F8C43003F4800379
:101F8000002B16D17B681B68124A934211D1D7F8F7
:101F9000C43043F4800319460C48FFF783F908E086
:101FA0007B685B6D43F020027B685A65012387F8EC
:101FB000D7307B68002283F8502097F8D730184636
:101FC000D837BD4680BD00BF000008800003045024
:101FD000000052C70000045000000020632D3E05A1
:101FE000000084CB0100008080B584B000AF786031
:101FF0007B68002B01D10123EDE07B6893F8203052
:10200000DBB2002B02D17868FEF71CFF7B681B68EF
:102010001A687B681B6842F001021A6003F08AFFAD
:10202000F86012E003F086FF0246FB68D31A0A2B21
:102030000BD97B685B6A43F400327B685A627B6829
:10204000052283F820200123C5E07B681B685B68BC
:1020500003F00103002BE5D07B681B681A687B68DE
:102060001B6822F002021A6003F064FFF86012E0BD
:1020700003F060FF0246FB68D31A0A2B0BD97B687A
:102080005B6A43F400327B685A627B68052283F8FE
:10209000202001239FE07B681B685B6803F002033C
:1020A000002BE5D17B681B7E012B08D17B681B6868
:1020B0001A687B681B6842F080021A6007E07B6840
:1020C0001B681A687B681B6822F080021A607B68B4
:1020D0005B7E012B08D17B681B681A687B681B68D4
:1020E00042F040021A6007E07B681B681A687B6850
:1020F0001B6822F040021A607B689B7E012B08D18E
:102100007B681B681A687B681B6842F020021A60B3
:1021100007E07B681B681A687B681B6822F0200256
:102120001A607B68DB7E012B08D17B681B681A680C
:102130007B681B6822F010021A6007E07B681B684E
:102140001A687B681B6842F010021A607B681B7F6C
:10215000012B08D17B681B681A687B681B6842F0FA
:1021600008021A6007E07B681B681A687B681B68B6
:1021700022F008021A607B685B7F012B08D17B6824
:102180001B681A687B681B6842F004021A6007E04B
:102190007B681B681A687B681B6822F004021A605F
:1021A0007B689A687B68DB681A437B681B691A4303
:1021B0007B685B6942EA03017B685B685A1E7B6847
:1021C0001B680A43DA617B6800225A627B6801223D
:1021D00083F82020002318461037BD4680BD80B408
:1021E00087B000AF786039607B681B687B617B6873
:1021F00093F82030FB74FB7C012B03D0FB7C022B7B
:1022000040F0AA807B69D3F8003243F001027B6979
:10221000C3F800223B685B6903F01F03012202FA46
:1022200003F3FB607B69D3F81C22FB68DB431A4095
:102230007B69C3F81C223B68DB69002B23D17B69D7
:10224000D3F80C22FB68DB431A407B69C3F80C22ED
:102250003B68DB6819043B685B689BB23A6852696B
:1022600019437B69483243F832103B689B68190474
:102270003B681B689AB23B685B690A4379694833DB
:10228000DB000B445A603B68DB69012B22D17B6980
:10229000D3F80C22FB681A437B69C3F80C223B6815
:1022A0001B6819043B685B689BB23A685269194322
:1022B0007B69483243F832103B689B6819043B68DD
:1022C000DB689AB23B685B690A4379694833DB0093
:1022D0000B445A603B689B69002B09D17B69D3F89A
:1022E0000422FB68DB431A407B69C3F8042207E041
:1022F0007B69D3F80422FB681A437B69C3F8042284
:102300003B681B69002B09D17B69D3F81422FB6859
:10231000DB431A407B69C3F8142207E07B69D3F8DA
:102320001422FB681A437B69C3F814223B681B6ABA
:10233000012B07D17B69D3F81C22FB681A437B6908
:10234000C3F81C227B69D3F8003223F001027B69B9
:10235000C3F80022002306E07B685B6A43F4802216
:102360007B685A62012318461C37BD465DF8047B22
:10237000704780B584B000AF78607B6893F82030F8
:10238000DBB2012B2ED17B68022283F820207B68F0
:102390001B681A687B681B6822F001021A6003F050
:1023A000C9FDF86012E003F0C5FD0246FB68D31AD0
:1023B0000A2B0BD97B685B6A43F400327B685A6254
:1023C0007B68052283F82020012312E07B681B68CC
:1023D0005B6803F00103002BE5D17B6800225A62A1
:1023E000002306E07B685B6A43F400227B685A6244
:1023F000012318461037BD4680BD80B489B000AFB8
:10240000F860B9607A603B60FB6893F82030FB7736
:10241000FB681B689B68BB61FB7F012B03D0FB7FC4
:10242000022B40F0AD80BB6903F08063002B0AD122
:10243000BB6903F00063002B05D1BB6903F0805337
:10244000002B00F09580BB691B0E03F003037B613A
:1024500001227B699A403B681A60BB689B68002B2D
:102460000DD1BB681B685A05BB68DB68F968096851
:102470001A437B6918331B010B441A600FE0BB68D9
:102480005B68DA00BB689B681A43BB68DB68F96865
:1024900009681A437B6918331B010B441A60FB68F7
:1024A0001968BB681A697B6918331B010B44043334
:1024B0001A60BB681B7D012B11D1FB681A687B6910
:1024C00018331B01134404331B68FA68116843F482
:1024D00080727B6918331B010B4404331A607B68DC
:1024E00007331B781A067B6806331B781B041A43D4
:1024F0007B6805331B781B0213437A680432127819
:102500001046FA68116843EA00027B691B010B441C
:1025100003F5C6731A607B6803331B781A067B6861
:1025200002331B781B041A437B6801331B781B02A0
:1025300013437A6812781046FA68116843EA000279
:102540007B691B010B4403F5C4731A60FB681A68AE
:102550007B6918331B0113441B68FA68116843F048
:1025600001027B6918331B010B441A6000230EE043
:10257000FB685B6A43F40012FB685A62012306E0C1
:10258000FB685B6A43F48022FB685A6201231846A9
:102590002437BD465DF8047B704780B485B000AF3A
:1025A00078600023FB607B6893F82030FB72FB7A35
:1025B000012B02D0FB7A022B1DD17B681B689B6824
:1025C00003F08063002B02D0FB680133FB607B6863
:1025D0001B689B6803F00063002B02D0FB6801338B
:1025E000FB607B681B689B6803F08053002B02D064
:1025F000FB680133FB60FB6818461437BD465DF885
:10260000047B704780B487B000AFF860B9607A602F
:102610003B60FB6893F82030FB75FB7D012B03D0FA
:10262000FB7D022B40F0F380BB68002B0ED1FB68D2
:102630001B68DB6803F00303002B16D1FB685B6AA1
:1026400043F40012FB685A620123E7E0FB681B6851
:102650001B6903F00303002B07D1FB685B6A43F49B
:102660000012FB685A620123D8E0FB681A68BB6855
:102670001B331B0113441B6803F004027B689A6040
:102680007B689B68002B0CD1FB681A68BB681B3306
:102690001B0113441B685B0DC3F30A027B681A60BD
:1026A0000BE0FB681A68BB681B331B0113441B68F3
:1026B000DB0823F060427B685A60FB681A68BB68DD
:1026C0001B331B0113441B6803F002027B68DA60B2
:1026D000FB681A68BB681B331B01134404331B6877
:1026E00003F00F027B681A61FB681A68BB681B3332
:1026F0001B01134404331B681B0ADAB27B689A611E
:10270000FB681A68BB681B331B01134404331B6846
:102710001B0C9AB27B685A61FB681A68BB681B0184
:10272000134403F5DC731B68DAB23B681A70FB686C
:102730001A68BB681B01134403F5DC731B681A0A93
:102740003B680133D2B21A70FB681A68BB681B0180
:10275000134403F5DC731B681A0C3B680233D2B2D6
:102760001A70FB681A68BB681B01134403F5DC731D
:102770001B681A0E3B680333D2B21A70FB681A68E2
:10278000BB681B01134403F5DE731A683B6804330E
:10279000D2B21A70FB681A68BB681B01134403F5B8
:1027A000DE731B681A0A3B680533D2B21A70FB68E5
:1027B0001A68BB681B01134403F5DE731B681A0C0F
:1027C0003B680633D2B21A70FB681A68BB681B01FB
:1027D000134403F5DE731B681A0E3B680733D2B24D
:1027E0001A70BB68002B08D1FB681B68DA68FB68AD
:1027F0001B6842F02002DA6007E0FB681B681A6978
:10280000FB681B6842F020021A61002306E0FB68A7
:102810005B6A43F48022FB685A62012318461C3726
:10282000BD465DF8047B704780B485B000AF78602A
:1028300039600023FB607B6893F82030FB72FB7AE1
:10284000012B02D0FB7A022B0FD13B68002B06D163
:102850007B681B68DB6803F00303FB6005E07B68B3
:102860001B681B6903F00303FB60FB681846143701
:10287000BD465DF8047B704780B485B000AF7860DA
:1028800039607B6893F82030FB73FB7B012B02D00F
:10289000FB7B022B09D17B681B6859697B681B682D
:1028A0003A680A435A61002306E07B685B6A43F496
:1028B00080227B685A62012318461437BD465DF8B2
:1028C000047B704780B485B000AF78607B6803F00C
:1028D0000703FB600C4BDB68BB60BA684FF6FF0375
:1028E0001340BB60FB681A02BB68134343F0BF632D
:1028F00043F40033BB60044ABB68D36000BF1437A5
:10290000BD465DF8047B704700ED00E080B400AF89
:10291000044BDB681B0A03F007031846BD465DF84D
:10292000047B704700ED00E080B483B000AF034645
:10293000FB7197F90730002B0BDBFB7903F01F02CB
:10294000074997F907305B09012000FA02F241F8C4
:10295000232000BF0C37BD465DF8047B704700BFE5
:1029600000E100E080B483B000AF03463960FB7142
:1029700097F90730002B0ADB3B68DAB20C4997F96C
:1029800007301201D2B20B4483F800230AE03B68FF
:10299000DAB20849FB7903F00F03043B1201D2B20B
:1029A0000B441A7600BF0C37BD465DF8047B7047B8
:1029B00000E100E000ED00E080B489B000AFF86015
:1029C000B9607A60FB6803F00703FB61FB69C3F140
:1029D0000703042B28BF0423BB61FB690433062BC8
:1029E00002D9FB69033B00E000237B614FF0FF321B
:1029F000BB6902FA03F3DA43BB681A407B699A4069
:102A00004FF0FF317B6901FA03F3D9437B680B4038
:102A1000134318462437BD465DF8047B704780B5E4
:102A200082B000AF78607868FFF74CFF00BF0837CE
:102A3000BD4680BD80B586B000AF0346B9607A6000
:102A4000FB7300237B61FFF761FF78617A68B968E7
:102A50007869FFF7B1FF024697F90F301146184623
:102A6000FFF780FF00BF1837BD4680BD80B582B03C
:102A700000AF0346FB7197F907301846FFF754FF84
:102A800000BF0837BD4680BD80B487B000AF786016
:102A9000396000237B6154E13B681A6801217B693E
:102AA00001FA03F31340FB60FB68002B00F0468142
:102AB0003B685B6803F00303012B05D03B685B6850
:102AC00003F00303022B30D17B689B683B617B6979
:102AD0005B00032202FA03F3DB433A6913403B61D4
:102AE0003B68DA687B695B0002FA03F33A691343D7
:102AF0003B617B683A699A607B685B683B61012255
:102B00007B6902FA03F3DB433A6913403B613B689C
:102B10005B681B0903F001027B6902FA03F33A695F
:102B200013433B617B683A695A603B685B6803F01A
:102B30000303032B17D07B68DB683B617B695B0079
:102B4000032202FA03F3DB433A6913403B613B681B
:102B50009A687B695B0002FA03F33A6913433B61AD
:102B60007B683A69DA603B685B6803F00303022B19
:102B700023D17B69DA087B68083253F822303B6145
:102B80007B6903F007039B000F2202FA03F3DB4388
:102B90003A6913403B613B681A697B6903F007039C
:102BA0009B0002FA03F33A6913433B617B69DA083D
:102BB0007B680832396943F822107B681B683B61E7
:102BC0007B695B00032202FA03F3DB433A6913409B
:102BD0003B613B685B6803F003027B695B0002FAC0
:102BE00003F33A6913433B617B683A691A603B68B7
:102BF0005B6803F44033002B00F0A080584B1B6E41
:102C0000574A43F001031366554B1B6E03F0010353
:102C1000BB60BB68534A7B699B08023352F8233080
:102C20003B617B6903F003039B000F2202FA03F36D
:102C3000DB433A6913403B617B68B3F1904F19D095
:102C40007B68494A934213D07B68484A93420DD02F
:102C50007B68474A934207D07B68464A934201D13A
:102C6000042308E0072306E0032304E0022302E034
:102C7000012300E000237A6902F0030292009340EE
:102C80003A6913433B6137497B699B0802333A69D0
:102C900041F82320384B9B683B61FB68DB433A6972
:102CA00013403B613B685B6803F48013002B03D047
:102CB0003A69FB6813433B612F4A3B6993602E4B93
:102CC000DB683B61FB68DB433A6913403B613B686F
:102CD0005B6803F40013002B03D03A69FB681343CD
:102CE0003B61254A3B69D360234B5B683B61FB68D2
:102CF000DB433A6913403B613B685B6803F4003394
:102D0000002B03D03A69FB6813433B611A4A3B69C5
:102D10005360194B1B683B61FB68DB433A69134006
:102D20003B613B685B6803F48033002B03D03A6956
:102D3000FB6813433B61104A3B6913607B690133B5
:102D40007B613B681A687B6922FA03F3002B7FF4EE
:102D5000A3AE00BF00BF1C37BD465DF8047B7047C3
:102D60000010024000000140000400480008004834
:102D7000000C0048001000480004014080B485B0F9
:102D800000AF78600B467B807B681A697B881340B4
:102D9000002B02D00123FB7301E00023FB73FB7BBC
:102DA00018461437BD465DF8047B704780B483B085
:102DB00000AF78600B467B8013467B707B78002BDE
:102DC00003D07A887B689A6102E07A887B689A628D
:102DD00000BF0C37BD465DF8047B704780B485B0FA
:102DE00000AF78600B467B807B685B69FB607A880C
:102DF000FB6813401A04FB68D9437B880B401A43D5
:102E00007B689A6100BF1437BD465DF8047B70474C
:102E100080B400AF044B1B6803F4C0631846BD4682
:102E20005DF8047B704700BF0070004080B485B03F
:102E300000AF78607B68B3F5007F30D1234B1B680F
:102E400003F4C063B3F5007F38D0204B1B6823F434
:102E5000C0631E4A43F4007313601D4B1B6832228B
:102E600002FB03F31B4AA2FB03239B0C0133FB6011
:102E700002E0FB68013BFB60144B5B6903F4806379
:102E8000B3F5806F02D1FB68002BF2D10F4B5B6969
:102E900003F48063B3F5806F10D103230FE00B4B75
:102EA0001B6803F4C063B3F5806F07D0074B1B6842
:102EB00023F4C063054A43F480631360002318467B
:102EC0001437BD465DF8047B704700BF00700040BA
:102ED0000000002083DE1B4380B586B000AF786021
:102EE0000023FB740023BB747B681B6803F400633E
:102EF000002B31D07B685B6CB3F5400F1AD0B3F573
:102F0000400F14D8002B09D0B3F5000F0FD15D4B43
:102F1000DB685C4A43F48033D3600CE07B680433A5
:102F20000021184600F0F0F90346FB7403E001238A
:102F3000FB7400E000BFFB7C002B0BD1514BD3F89E
:102F4000883023F440027B685B6C4E491343C1F820
:102F5000883001E0FB7CBB747B681B6803F40033A2
:102F6000002B00F09E8000237B74464B9B6D03F08A
:102F70008053002B01D1012300E00023002B0DD052
:102F8000404B9B6D3F4A43F0805393653D4B9B6D97
:102F900003F08053BB60BB6801237B743A4B1B6812
:102FA000394A43F48073136002F0C4FFF86009E00B
:102FB00002F0C0FF0246FB68D31A022B02D903239A
:102FC000FB7405E0304B1B6803F48073002BEFD0DB
:102FD000FB7C002B5AD12B4BD3F8903003F4407379
:102FE0007B617B69002B1ED07B689B6D7A699A425E
:102FF00019D0244BD3F8903023F440737B61214BDC
:10300000D3F890301F4A43F48033C2F890301D4B00
:10301000D3F890301B4A23F48033C2F89030194A19
:103020007B69C2F890307B6903F00103002B16D056
:1030300002F080FFF8600BE002F07CFF0246FB68C4
:10304000D31A41F28832934202D90323FB7406E07B
:103050000C4BD3F8903003F00203002BECD0FB7C38
:10306000002B0BD1074BD3F8903023F440727B68D0
:103070009B6D04491343C1F8903009E0FB7CBB749D
:1030800006E000BF0010024000700040FB7CBB74F3
:103090007B7C012B05D19B4B9B6D9A4A23F080537F
:1030A00093657B681B6803F00103002B0AD0954BE6
:1030B000D3F8883023F003027B681B6A91491343DD
:1030C000C1F888307B681B6803F00203002B0AD02C
:1030D0008C4BD3F8883023F00C027B685B6A8949FB
:1030E0001343C1F888307B681B6803F00403002B8E
:1030F0000AD0844BD3F8883023F030027B689B6A77
:1031000080491343C1F888307B681B6803F02003B3
:10311000002B0AD07B4BD3F8883023F440627B68C5
:10312000DB6A78491343C1F888307B681B6803F475
:103130000073002B0AD0734BD3F8883023F440225D
:103140007B68DB6B6F491343C1F888307B681B6871
:1031500003F48063002B0AD06A4BD3F8883023F441
:1031600040127B681B6C67491343C1F888307B6849
:103170001B6803F04003002B0AD0624BD3F8883061
:1031800023F440527B681B6B5E491343C1F88830BF
:103190007B681B6803F08003002B0AD0594BD3F8DF
:1031A000883023F440427B685B6B56491343C1F877
:1031B00088307B681B6803F48073002B0AD0514B66
:1031C000D3F8883023F440327B689B6B4D4913431E
:1031D000C1F888307B681B6803F40023002B28D0DB
:1031E000484BD3F8883023F040627B689B6C45499C
:1031F0001343C1F888307B689B6CB3F1006F06D134
:10320000404BDB683F4A43F48013D36011E07B6896
:103210009B6CB3F1806F0CD17B680433012118469D
:1032200000F072F80346FB74FB7C002B01D0FB7CA2
:10323000BB747B681B6803F48023002B28D0314BC0
:10324000D3F8883023F040627B68DB6C2D49134350
:10325000C1F888307B68DB6CB3F1006F06D1294B75
:10326000DB68284A43F48013D36011E07B68DB6C91
:10327000B3F1806F0CD17B6804330121184600F054
:1032800043F80346FB74FB7C002B01D0FB7CBB7432
:103290007B681B6803F48043002B1CD0194BD3F8C8
:1032A000883023F040527B681B6D16491343C1F8E8
:1032B00088307B681B6DB3F1805F0CD17B68043371
:1032C0000221184600F020F80346FB74FB7C002B1B
:1032D00001D0FB7CBB747B681B6803F40043002BAC
:1032E0000AD0084BD3F8883023F080427B685B6DAE
:1032F00004491343C1F88830BB7C18461837BD46D3
:1033000080BD00BF0010024080B584B000AF78607F
:1033100039600023FB73744BDB6803F00303002B5D
:1033200018D0714BDB6803F003027B681B689A427C
:103330000DD17B681B68002B09D06B4BDB681B0928
:1033400003F007035A1C7B685B689A4247D001234D
:10335000FB7344E07B681B68032B18D0032B25D834
:10336000012B02D0022B09D020E05F4B1B6803F039
:103370000203002B1DD10123FB731AE05A4B1B687B
:1033800003F48063002B16D10123FB7313E0564B2B
:103390001B6803F40033002B0FD1534B1B6803F45D
:1033A0008023002B09D10123FB7306E00123FB736B
:1033B00004E000BF02E000BF00E000BFFB7B002B89
:1033C0000DD1494BDB6823F073027B6819687B6879
:1033D0005B68013B1B010B4343491343CB60FB7B01
:1033E000002B7CD1404B1B683F4A23F08063136065
:1033F00002F0A0FDB86009E002F09CFD0246BB6847
:10340000D31A022B02D90323FB7305E0364B1B684A
:1034100003F00063002BEFD1FB7B002B5FD13B68F7
:10342000002B10D1304B1B6923F0784323F4FE436B
:103430007A68926811027A68D268D2060A432A49E9
:1034400013430B6127E03B68012B12D1264B1B690C
:1034500023F4C00323F4FE437A68926811027A6869
:1034600012695208013A52050A431F4913430B617E
:1034700011E01D4B1B6923F0C06323F4FE437A68FF
:10348000926811027A6852695208013A52060A4358
:10349000154913430B61144B1B68134A43F08063B7
:1034A000136002F047FDB86009E002F043FD0246F8
:1034B000BB68D31A022B02D90323FB7305E00A4B26
:1034C0001B6803F00063002BEFD0FB7B002B06D1C1
:1034D000054B1A697B689B69034913430B61FB7BAE
:1034E00018461037BD4680BD0010024080B588B038
:1034F00000AF78607B68002B02D1012300F002BC92
:10350000964B9B6803F00C03BB61944BDB6803F0A4
:1035100003037B617B681B6803F01003002B00F042
:10352000E480BB69002B07D0BB690C2B40F08B807B
:103530007B69012B40F08780884B1B6803F00203F6
:10354000002B05D07B689B69002B01D10123D9E3B7
:103550007B681A6A814B1B6803F00803002B04D0B8
:103560007E4B1B6803F0F00305E07C4BD3F89430EE
:103570001B0903F0F003934223D27B681B6A1846B1
:1035800000F0BCFD0346002B01D00123BAE3734BCE
:103590001B68724A43F008031360704B1B6823F0EA
:1035A000F0027B681B6A6D4913430B606B4B5B68D1
:1035B00023F47F427B68DB691B02684913434B603D
:1035C00025E0664B1B68654A43F008031360634BB4
:1035D0001B6823F0F0027B681B6A604913430B6091
:1035E0005E4B5B6823F47F427B68DB691B025B49AF
:1035F00013434B60BB69002B09D17B681B6A1846DB
:1036000000F07CFD0346002B01D001237AE300F09B
:1036100081FC0246514B9B681B0903F00F03504984
:10362000CB5C03F01F0322FA03F34E4A13604E4BA8
:103630001B681846FDF74EFD0346FB73FB7B002B12
:1036400052D0FB7B5EE37B689B69002B32D0434BFF
:103650001B68424A43F00103136002F06BFC3861BF
:1036600008E002F067FC02463B69D31A022B01D93D
:10367000032347E3394B1B6803F00203002BF0D010
:10368000364B1B68354A43F008031360334B1B6805
:1036900023F0F0027B681B6A304913430B602F4B09
:1036A0005B6823F47F427B68DB691B022B49134371
:1036B0004B601AE0294B1B68284A23F00103136072
:1036C00002F038FC386108E002F034FC02463B6945
:1036D000D31A022B01D9032314E3204B1B6803F0F8
:1036E0000203002BF0D100E000BF7B681B6803F0F1
:1036F0000103002B73D0BB69082B05D0BB690C2BD1
:103700000ED17B69032B0BD1144B1B6803F40033E0
:10371000002B63D07B685B68002B5FD10123F1E253
:103720007B685B68B3F5803F06D10C4B1B680B4A86
:1037300043F48033136025E07B685B68B3F5A02F0A
:1037400014D1064B1B68054A43F480231360034BD6
:103750001B68024A43F48033136013E000100240F8
:1037600024B000080000002004000020A04B1B68CB
:103770009F4A23F4803313609D4B1B689C4A23F4BB
:10378000802313607B685B68002B13D002F0D2FBB0
:10379000386108E002F0CEFB02463B69D31A642B85
:1037A00001D90323AEE2924B1B6803F40033002BD4
:1037B000F0D014E002F0BEFB386108E002F0BAFB82
:1037C00002463B69D31A642B01D903239AE2884B42
:1037D0001B6803F40033002BF0D100E000BF7B68CE
:1037E0001B6803F00203002B60D0BB69042B05D0DB
:1037F000BB690C2B19D17B69022B16D17C4B1B6842
:1038000003F48063002B05D07B68DB68002B01D1BB
:10381000012377E2764B5B6823F0F8527B681B69E3
:103820001B06734913434B6040E07B68DB68002B49
:1038300023D06F4B1B686E4A43F48073136002F011
:1038400079FB386108E002F075FB02463B69D31A48
:10385000022B01D9032355E2654B1B6803F48063F7
:10386000002BF0D0624B5B6823F0F8527B681B6939
:103870001B065F4913434B6018E05D4B1B685C4AB5
:1038800023F48073136002F055FB386108E002F006
:1038900051FB02463B69D31A022B01D9032331E2C3
:1038A000534B1B6803F48063002BF0D17B681B68CB
:1038B00003F00803002B3CD07B685B69002B1CD015
:1038C0004B4BD3F894304A4A43F00103C2F894308A
:1038D00002F030FB386108E002F02CFB02463B6945
:1038E000D31A022B01D903230CE2414BD3F89430B5
:1038F00003F00203002BEFD01BE03D4BD3F89430D4
:103900003B4A23F00103C2F8943002F013FB386104
:1039100008E002F00FFB02463B69D31A022B01D9E3
:103920000323EFE1324BD3F8943003F00203002B72
:10393000EFD17B681B6803F00403002B00F0A68026
:103940000023FB772A4B9B6D03F08053002B0DD196
:10395000274B9B6D264A43F080539365244B9B6D08
:1039600003F08053BB60BB680123FB77214B1B68CE
:1039700003F48073002B18D11E4B1B681D4A43F4BF
:103980008073136002F0D6FA386108E002F0D2FAD0
:1039900002463B69D31A022B01D90323B2E1154B2E
:1039A0001B6803F48073002BF0D07B689B68012BAD
:1039B00008D10F4BD3F890300D4A43F00103C2F801
:1039C000903029E07B689B68052B15D1084BD3F814
:1039D0009030074A43F00403C2F89030044BD3F808
:1039E0009030034A43F00103C2F8903014E000BF66
:1039F00000100240007000409A4BD3F89030994A72
:103A000023F00103C2F89030964BD3F89030954ADA
:103A100023F00403C2F890307B689B68002B16D01B
:103A200002F088FA38610AE002F084FA02463B6943
:103A3000D31A41F28832934201D9032362E1894BC0
:103A4000D3F8903003F00203002BEDD015E002F024
:103A500071FA38610AE002F06DFA02463B69D31A46
:103A600041F28832934201D903234BE17D4BD3F8D5
:103A7000903003F00203002BEDD1FB7F012B05D129
:103A8000784B9B6D774A23F0805393657B681B6866
:103A900003F02003002B3CD07B685B6A002B1CD01A
:103AA000704BD3F898306F4A43F00103C2F8983056
:103AB00002F040FA386108E002F03CFA02463B6945
:103AC000D31A022B01D903231CE1664BD3F898309B
:103AD00003F00203002BEFD01BE0624BD3F89830C9
:103AE000604A23F00103C2F8983002F023FA3861EB
:103AF00008E002F01FFA02463B69D31A022B01D9F3
:103B00000323FFE0574BD3F8983003F00203002B58
:103B1000EFD17B689B6A002B00F0F3807B689B6A87
:103B2000022B40F0C9804F4BDB687B617B6903F05F
:103B300003027B68DB6A9A422CD17B6903F0700236
:103B40007B681B6B013B1B019A4223D17B6903F409
:103B5000FE427B685B6B1B029A421BD17B6903F0C0
:103B600078427B689B6BDB069A4213D17B6903F436
:103B7000C0027B68DB6B5B08013B5B059A4209D1A5
:103B80007B6903F0C0627B681B6C5B08013B5B06D2
:103B90009A426BD0BB690C2B62D0324B1B6803F08E
:103BA0008063002B01D00123ACE02E4B1B682D4A13
:103BB00023F08073136002F0BDF9386108E002F071
:103BC000B9F902463B69D31A022B01D9032399E0C4
:103BD000244B1B6803F00073002BF0D1214BDA68F3
:103BE000214B13407A68D16A7A68126B013A12014C
:103BF00011437A68526B120211437A68D26B5208F1
:103C0000013A520511437A68126C5208013A520681
:103C100011437A68926BD2060A4312491343CB6070
:103C2000104B1B680F4A43F0807313600D4BDB6829
:103C30000C4A43F08073D36002F07CF9386108E0ED
:103C400002F078F902463B69D31A022B01D903230B
:103C500058E0044B1B6803F00073002BF0D050E0D9
:103C600001234FE0001002408C809D01274B1B6810
:103C700003F00073002B44D1244B1B68234A43F00C
:103C800080731360214BDB68204A43F08073D3605C
:103C900002F050F9386108E002F04CF902463B6945
:103CA000D31A022B01D903232CE0184B1B6803F015
:103CB0000073002BF0D024E0BB690C2B1FD0134BFA
:103CC0001B68124A23F08073136002F033F93861E5
:103CD00008E002F02FF902463B69D31A022B01D902
:103CE00003230FE0094B1B6803F00073002BF0D196
:103CF000064BDA680549064B1340CB6001E001230F
:103D000000E0002318462037BD4680BD0010024069
:103D1000FCFFEEFE80B584B000AF786039607B6850
:103D2000002B01D10123E7E0754B1B6803F007036B
:103D30003A689A4210D9724B1B6823F00702704907
:103D40003B6813430B606E4B1B6803F007033A6834
:103D50009A4201D00123CFE07B681B6803F0020385
:103D6000002B10D07B689A68664B9B6803F0F003C9
:103D70009A4208D9634B9B6823F0F0027B689B68EA
:103D8000604913438B607B681B6803F00103002BC1
:103D90004CD07B685B68032B07D15A4B1B6803F040
:103DA0000073002B21D10123A6E07B685B68022B06
:103DB00007D1544B1B6803F40033002B15D10123AA
:103DC0009AE07B685B68002B07D14E4B1B6803F0C1
:103DD0000203002B09D101238EE04A4B1B6803F438
:103DE0008063002B01D1012386E0464B9B6823F0C2
:103DF00003027B685B68434913438B6002F09AF8C7
:103E0000F8600AE002F096F80246FB68D31A41F225
:103E10008832934201D903236EE03A4B9B6803F04A
:103E20000C027B685B689B009A42EBD17B681B6845
:103E300003F00203002B10D07B689A68314B9B681B
:103E400003F0F0039A4208D22E4B9B6823F0F00255
:103E50007B689B682B4913438B60294B1B6803F0DD
:103E600007033A689A4210D2254B1B6823F00702D9
:103E700023493B6813430B60214B1B6803F0070386
:103E80003A689A4201D0012336E07B681B6803F050
:103E90000403002B08D01B4B9B6823F4E0627B6873
:103EA000DB68184913438B607B681B6803F00803C9
:103EB000002B09D0134B9B6823F460527B681B696D
:103EC000DB00104913438B6000F024F802460D4BD1
:103ED0009B681B0903F00F030B49CB5C03F01F0326
:103EE00022FA03F3094A1360094B1B681846FDF7D1
:103EF000F1F80346FB72FB7A18461037BD4680BDC9
:103F0000002002400010024024B000080000002001
:103F10000400002080B489B000AF0023FB610023BF
:103F2000BB613E4B9B6803F00C033B613B4BDB6882
:103F300003F00303FB603B69002B05D03B690C2BAE
:103F400021D1FB68012B1ED1344B1B6803F0080301
:103F5000002B07D1314BD3F894301B0A03F00F0329
:103F6000FB6105E02D4B1B681B0903F00F03FB6190
:103F70002B4AFB6952F82330FB613B69002B0DD1C2
:103F8000FB69BB610AE03B69042B02D1254BBB6195
:103F900004E03B69082B01D1224BBB613B690C2B30
:103FA00034D11E4BDB6803F00303BB60BB68022BFC
:103FB00003D0BB68032B03D005E01A4B7B6105E0FF
:103FC000184B7B6102E0FB697B6100BF134BDB6830
:103FD0001B0903F0070301337B60104BDB681B0AEE
:103FE00003F07F037A6903FB02F27B68B2FBF3F311
:103FF0007B610A4BDB685B0E03F0030301335B005C
:104000003B607A693B68B2FBF3F3BB61BB6918465E
:104010002437BD465DF8047B704700BF00100240A6
:104020003CB000080024F40080B400AF034B1B68D0
:104030001846BD465DF8047B704700BF00000020B5
:1040400080B500AFFFF7F0FF0246064B9B681B0AE6
:1040500003F007030449CB5C03F01F0322FA03F3C8
:10406000184680BD0010024034B0000880B500AF93
:10407000FFF7DAFF0246064B9B68DB0A03F00703F3
:104080000449CB5C03F01F0322FA03F3184680BDFA
:104090000010024034B0000880B483B000AF7860F4
:1040A00039607B680F221A60124B9B6803F0030291
:1040B0007B685A600F4B9B6803F0F0027B689A6044
:1040C0000C4B9B6803F4E0627B68DA60094B9B68E9
:1040D000DB0803F4E0627B681A61074B1B6803F09E
:1040E00007023B681A6000BF0C37BD465DF8047BD1
:1040F000704700BF001002400020024080B586B02B
:1041000000AF786000233B612A4B9B6D03F0805326
:10411000002B03D0FEF77CFE786114E0254B9B6DED
:10412000244A43F080539365224B9B6D03F08053E8
:10413000FB60FB68FEF76CFE78611E4B9B6D1D4AB1
:1041400023F0805393657B69B3F5007F0BD17B68C7
:10415000802B19D97B68A02B02D902233B6113E085
:1041600001233B6110E07B68802B02D903233B6174
:104170000AE07B68802B02D102233B6104E07B686C
:10418000702B01D101233B610B4B1B6823F007020D
:1041900009493B6913430B60074B1B6803F0070396
:1041A0003A699A4201D0012300E0002318461837EB
:1041B000BD4680BD001002400020024080B485B0A2
:1041C00000AF786039607B6893F83C30012B01D1F7
:1041D00002234FE07B68012283F83C207B680222A7
:1041E00083F83D207B681B685B68FB607B681B680D
:1041F0009B68BB607B681B68214A934208D1FB68BF
:1042000023F47003FB603B685B68FA681343FB6050
:10421000FB6823F07003FB603B681B68FA6813437C
:10422000FB607B681B68FA685A607B681B68144AED
:10423000934209D07B681B68B3F1804F04D07B6840
:104240001B68104A93420CD1BB6823F08003BB600B
:104250003B689B68BA681343BB607B681B68BA689D
:104260009A607B68012283F83D207B68002283F8F6
:104270003C20002318461437BD465DF8047B704788
:10428000002C01400040014080B485B000AF786050
:1042900039600023FB607B6893F83C30012B01D12F
:1042A000022360E07B68012283F83C20FB6823F056
:1042B000FF023B68DB681343FB60FB6823F440723A
:1042C0003B689B681343FB60FB6823F480623B6898
:1042D0005B681343FB60FB6823F400623B681B6868
:1042E0001343FB60FB6823F480523B681B69134354
:1042F000FB60FB6823F400523B685B691343FB607F
:10430000FB6823F480423B689B6A1343FB60FB68B5
:1043100023F470223B689B691B041343FB607B689A
:104320001B68144A934215D1FB6823F470023B6862
:104330005B6A1B051343FB60FB6823F080723B68DC
:10434000DB691343FB60FB6823F000723B681B6A68
:104350001343FB607B681B68FA685A647B68002221
:1043600083F83C20002318461437BD465DF8047BD3
:10437000704700BF002C014080B483B000AF78606C
:1043800000BF0C37BD465DF8047B704780B483B036
:1043900000AF786000BF0C37BD465DF8047B704706
:1043A00080B483B000AF786000BF0C37BD465DF8C5
:1043B000047B704780B582B000AF78607B68002BCB
:1043C00001D1012349E07B6893F83D30DBB2002B3B
:1043D00006D17B68002283F83C207868FCF776FDE4
:1043E0007B68022283F83D207B681A687B6804336F
:1043F0001946104600F078FD7B68012283F84820BA
:104400007B68012283F83E207B68012283F83F20ED
:104410007B68012283F840207B68012283F84120D9
:104420007B68012283F842207B68012283F84320C5
:104430007B68012283F844207B68012283F84520B1
:104440007B68012283F846207B68012283F847209D
:104450007B68012283F83D20002318460837BD46BB
:1044600080BD000080B485B000AF78607B6893F8B1
:104470003D30DBB2012B01D001233BE07B680222FF
:1044800083F83D207B681B68DA687B681B6842F014
:104490000102DA607B681B68194A934209D07B6885
:1044A0001B68B3F1804F04D07B681B68154A9342A8
:1044B00015D17B681B689A68134B1340FB60FB683F
:1044C000062B15D0FB68B3F5803F11D07B681B68C5
:1044D0001A687B681B6842F001021A6008E07B687A
:1044E0001B681A687B681B6842F001021A6000E0D2
:1044F00000BF002318461437BD465DF8047B7047A3
:10450000002C0140004001400700010080B582B04E
:1045100000AF78607B68002B01D1012349E07B6804
:1045200093F83D30DBB2002B06D17B68002283F884
:104530003C20786800F041F87B68022283F83D2037
:104540007B681A687B6804331946104600F0CCFC7F
:104550007B68012283F848207B68012283F83E2093
:104560007B68012283F83F207B68012283F840208A
:104570007B68012283F841207B68012283F8422076
:104580007B68012283F843207B68012283F8442062
:104590007B68012283F845207B68012283F846204E
:1045A0007B68012283F847207B68012283F83D2045
:1045B000002318460837BD4680BD80B483B000AFE5
:1045C000786000BF0C37BD465DF8047B7047000083
:1045D00080B584B000AF786039603B68002B09D1AA
:1045E0007B6893F83E30DBB2012B14BF012300231C
:1045F000DBB23CE03B68042B09D17B6893F83F3089
:10460000DBB2012B14BF01230023DBB22FE03B6898
:10461000082B09D17B6893F84030DBB2012B14BF23
:1046200001230023DBB222E03B680C2B09D17B681D
:1046300093F84130DBB2012B14BF01230023DBB21E
:1046400015E03B68102B09D17B6893F84230DBB250
:10465000012B14BF01230023DBB208E07B6893F831
:104660004330DBB2012B14BF01230023DBB2002B4C
:1046700001D001237EE03B68002B04D17B6802223D
:1046800083F83E2023E03B68042B04D17B680222A0
:1046900083F83F201BE03B68082B04D17B68022293
:1046A00083F8402013E03B680C2B04D17B68022286
:1046B00083F841200BE03B68102B04D17B68022279
:1046C00083F8422003E07B68022283F843207B6862
:1046D0001B6801223968184600F082FF7B681B685E
:1046E000264A934209D07B681B68254A934204D02E
:1046F0007B681B68234A934201D1012300E0002319
:10470000002B07D07B681B685A6C7B681B6842F4DF
:1047100000425A647B681B68184A934209D07B6840
:104720001B68B3F1804F04D07B681B68144A934226
:1047300015D17B681B689A68134B1340FB60FB68BC
:10474000062B15D0FB68B3F5803F11D07B681B6842
:104750001A687B681B6842F001021A6008E07B68F7
:104760001B681A687B681B6842F001021A6000E04F
:1047700000BF002318461037BD4680BD002C014005
:1047800000400140004401400700010080B582B0B4
:1047900000AF786039607B681B6800223968184672
:1047A00000F01EFF7B681B68394A934209D07B6882
:1047B0001B68384A934204D07B681B68364A934290
:1047C00001D1012300E00023002B17D07B681B6878
:1047D0001A6A41F211131340002B0FD17B681B683A
:1047E0001A6A40F244431340002B07D17B681B68D0
:1047F0005A6C7B681B6822F400425A647B681B6811
:104800001A6A41F211131340002B0FD17B681B6809
:104810001A6A40F244431340002B07D17B681B689F
:104820001A687B681B6822F001021A603B68002B43
:1048300004D17B68012283F83E2023E03B68042BEF
:1048400004D17B68012283F83F201BE03B68082BE2
:1048500004D17B68012283F8402013E03B680C2BD5
:1048600004D17B68012283F841200BE03B68102BC8
:1048700004D17B68012283F8422003E07B68012297
:1048800083F84320002318460837BD4680BD00BF8B
:10489000002C0140004001400044014080B582B03E
:1048A00000AF78607B681B681B6903F00203022B72
:1048B00022D17B681B68DB6803F00203022B1BD14B
:1048C0007B681B686FF002021A617B6801221A770D
:1048D0007B681B689B6903F00303002B03D0786897
:1048E00000F0E3FA05E0786800F0D5FA786800F0A7
:1048F000E6FA7B6800221A777B681B681B6903F065
:104900000403042B22D17B681B68DB6803F00403DB
:10491000042B1BD17B681B686FF004021A617B6853
:1049200002221A777B681B689B6903F44073002B93
:1049300003D0786800F0B9FA05E0786800F0ABFAC7
:10494000786800F0BCFA7B6800221A777B681B68E5
:104950001B6903F00803082B22D17B681B68DB6806
:1049600003F00803082B1BD17B681B686FF008025B
:104970001A617B6804221A777B681B68DB6903F085
:104980000303002B03D0786800F08FFA05E0786805
:1049900000F081FA786800F092FA7B6800221A77BA
:1049A0007B681B681B6903F01003102B22D17B6806
:1049B0001B68DB6803F01003102B1BD17B681B689E
:1049C0006FF010021A617B6808221A777B681B68F7
:1049D000DB6903F44073002B03D0786800F065FABC
:1049E00005E0786800F057FA786800F068FA7B68AC
:1049F00000221A777B681B681B6903F00103012BF7
:104A00000ED17B681B68DB6803F00103012B07D123
:104A10007B681B686FF001021A617868FCF7AEF8DA
:104A20007B681B681B6903F08003802B0ED17B68B9
:104A30001B68DB6803F08003802B07D17B681B6851
:104A40006FF080021A617868FFF7A0FC7B681B6832
:104A50001B6903F48073B3F5807F0ED17B681B68FC
:104A6000DB6803F08003802B07D17B681B686FF441
:104A700080721A617868FFF793FC7B681B681B697A
:104A800003F04003402B0ED17B681B68DB6803F00A
:104A90004003402B07D17B681B686FF040021A610E
:104AA000786800F016FA7B681B681B6903F0200326
:104AB000202B0ED17B681B68DB6803F02003202BC2
:104AC00007D17B681B686FF020021A617868FFF7D6
:104AD00053FC00BF0837BD4680BD000080B586B0DE
:104AE00000AFF860B9607A600023FB75FB6893F84B
:104AF0003C30012B01D10223FFE0FB68012283F847
:104B00003C207B68142B00F2F08001A252F823F0C5
:104B1000654B0008EB4C0008EB4C0008EB4C000820
:104B2000A54B0008EB4C0008EB4C0008EB4C0008D0
:104B3000E74B0008EB4C0008EB4C0008EB4C00087E
:104B4000274C0008EB4C0008EB4C0008EB4C00082D
:104B5000694C0008EB4C0008EB4C0008EB4C0008DB
:104B6000A94C0008FB681B68B968184600F020FAD9
:104B7000FB681B689A69FB681B6842F008029A612F
:104B8000FB681B689A69FB681B6822F004029A6143
:104B9000FB681B689969BB681A69FB681B680A4354
:104BA0009A61A5E0FB681B68B968184600F07CFABA
:104BB000FB681B689A69FB681B6842F400629A6193
:104BC000FB681B689A69FB681B6822F480629A6123
:104BD000FB681B689969BB681B691A02FB681B6844
:104BE0000A439A6184E0FB681B68B968184600F0C4
:104BF000D5FAFB681B68DA69FB681B6842F008029B
:104C0000DA61FB681B68DA69FB681B6822F0040242
:104C1000DA61FB681B68D969BB681A69FB681B68A5
:104C20000A43DA6164E0FB681B68B968184600F063
:104C30002DFBFB681B68DA69FB681B6842F40062A5
:104C4000DA61FB681B68DA69FB681B6822F4806222
:104C5000DA61FB681B68D969BB681B691A02FB68CB
:104C60001B680A43DA6143E0FB681B68B9681846B1
:104C700000F06AFBFB681B685A6DFB681B6842F01A
:104C800008025A65FB681B685A6DFB681B6822F0B6
:104C900004025A65FB681B68596DBB681A69FB689A
:104CA0001B680A435A6523E0FB681B68B96818460D
:104CB00000F0A2FBFB681B685A6DFB681B6842F49E
:104CC00000625A65FB681B685A6DFB681B6822F41A
:104CD00080625A65FB681B68596DBB681B691A02C4
:104CE000FB681B680A435A6502E00123FB7500BF9D
:104CF000FB68002283F83C20FB7D18461837BD4630
:104D000080BD00BF80B584B000AF786039600023FB
:104D1000FB737B6893F83C30012B01D10223B6E092
:104D20007B68012283F83C207B68022283F83D20C7
:104D30007B681B689B68BB60BB6823F4803323F0EF
:104D40007703BB60BB6823F47F43BB607B681B6851
:104D5000BA689A603B681B68B3F5005F3ED0B3F554
:104D6000005F00F28780B3F5805F00F08680B3F5C6
:104D7000805F7FD8702B1AD0702B7BD8602B50D0DF
:104D8000602B77D8502B3CD0502B73D8402B58D069
:104D9000402B6FD8302B64D0302B6BD8202B60D0B9
:104DA000202B67D8002B5CD0102B5AD062E07B6898
:104DB00018683B6899683B685A683B68DB6800F094
:104DC000EFFB7B681B689B68BB60BB6843F07703A5
:104DD000BB607B681B68BA689A604FE07B681868A4
:104DE0003B6899683B685A683B68DB6800F0D8FB11
:104DF0007B681B689A687B681B6842F480429A60F3
:104E00003CE07B6818683B6859683B68DB681A4679
:104E100000F04CFB7B681B685021184600F0A5FB96
:104E20002CE07B6818683B6859683B68DB681A4669
:104E300000F06BFB7B681B686021184600F095FB57
:104E40001CE07B6818683B6859683B68DB681A4659
:104E500000F02CFB7B681B684021184600F085FBA6
:104E60000CE07B681A683B681B681946104600F026
:104E70007CFB03E00123FB7300E000BF7B680122A1
:104E800083F83D207B68002283F83C20FB7B18469A
:104E90001037BD4680BD80B483B000AF786000BFDE
:104EA0000C37BD465DF8047B704780B483B000AF1B
:104EB000786000BF0C37BD465DF8047B704780B456
:104EC00083B000AF786000BF0C37BD465DF8047B4F
:104ED000704780B483B000AF786000BF0C37BD4628
:104EE0005DF8047B7047000080B485B000AF786047
:104EF00039607B681B68FB607B682A4A934203D059
:104F00007B68B3F1804F08D1FB6823F07003FB602E
:104F10003B685B68FA681343FB607B68214A9342F5
:104F20000BD07B68B3F1804F07D07B681E4A934259
:104F300003D07B681D4A934208D1FB6823F4407379
:104F4000FB603B68DB68FA681343FB60FB6823F097
:104F500080023B685B691343FB607B68FA681A60F8
:104F60003B689A687B68DA623B681A687B689A6279
:104F70007B680C4A934207D07B680B4A934203D06C
:104F80007B680A4A934203D13B681A697B681A63BB
:104F90007B6801225A6100BF1437BD465DF8047B6F
:104FA000704700BF002C0140004001400044014018
:104FB00080B487B000AF786039607B681B6A23F0EB
:104FC00001027B681A627B681B6A7B617B685B6895
:104FD0003B617B689B69FB60FB6823F4803323F0B3
:104FE0007003FB60FB6823F00303FB603B681B68F6
:104FF000FA681343FB607B6923F002037B613B6823
:105000009B687A6913437B617B68244A934207D08B
:105010007B68234A934203D07B68224A93420CD197
:105020007B6923F008037B613B68DB687A69134383
:105030007B617B6923F004037B617B68174A9342A1
:1050400007D07B68164A934203D07B68154A934287
:1050500011D13B6923F480733B613B6923F40073F6
:105060003B613B685B693A6913433B613B689B6901
:105070003A6913433B617B683A695A607B68FA6816
:105080009A613B685A687B685A637B687A691A62DE
:1050900000BF1C37BD465DF8047B7047002C014003
:1050A000004001400044014080B487B000AF786008
:1050B00039607B681B6A23F010027B681A627B6888
:1050C0001B6A7B617B685B683B617B689B69FB60FB
:1050D000FB6823F0807323F4E043FB60FB6823F458
:1050E0004073FB603B681B681B02FA681343FB605C
:1050F0007B6923F020037B613B689B681B017A6915
:1051000013437B617B68224A93420DD17B6923F074
:1051100080037B613B68DB681B017A6913437B6119
:105120007B6923F040037B617B68194A934207D077
:105130007B68184A934203D07B68174A934213D185
:105140003B6923F480633B613B6923F400633B616B
:105150003B685B699B003A6913433B613B689B6911
:105160009B003A6913433B617B683A695A607B68EC
:10517000FA689A613B685A687B689A637B687A69C7
:105180001A6200BF1C37BD465DF8047B704700BF44
:10519000002C0140004001400044014080B487B031
:1051A00000AF786039607B681B6A23F480727B688B
:1051B0001A627B681B6A7B617B685B683B617B680A
:1051C000DB69FB60FB6823F4803323F07003FB6032
:1051D000FB6823F00303FB603B681B68FA6813431A
:1051E000FB607B6923F400737B613B689B681B0257
:1051F0007A6913437B617B68214A93420DD17B69B5
:1052000023F400637B613B68DB681B027A6913430C
:105210007B617B6923F480637B617B68184A9342DE
:1052200007D07B68174A934203D07B68164A9342A3
:1052300013D13B6923F480533B613B6923F4005352
:105240003B613B685B691B013A6913433B613B6807
:105250009B691B013A6913433B617B683A695A6059
:105260007B68FA68DA613B685A687B68DA637B6856
:105270007A691A6200BF1C37BD465DF8047B70472F
:10528000002C0140004001400044014080B487B040
:1052900000AF786039607B681B6A23F480527B68BA
:1052A0001A627B681B6A3B617B685B687B617B6819
:1052B000DB69FB60FB6823F0807323F4E043FB6051
:1052C000FB6823F44073FB603B681B681B02FA68B1
:1052D0001343FB603B6923F400533B613B689B68CD
:1052E0001B033A6913433B617B68144A934207D01E
:1052F0007B68134A934203D07B68124A934209D1D8
:105300007B6923F480437B613B685B699B017A691D
:1053100013437B617B687A695A607B68FA68DA615B
:105320003B685A687B681A647B683A691A6200BFF6
:105330001C37BD465DF8047B704700BF002C014060
:10534000004001400044014080B487B000AF786065
:1053500039607B681B6A23F480327B681A627B6841
:105360001B6A3B617B685B687B617B685B6DFB6094
:10537000FB6823F4803323F07003FB603B681B68F9
:10538000FA681343FB603B6923F400333B613B68DD
:105390009B681B043A6913433B617B68134A934241
:1053A00007D07B68124A934203D07B68114A93422C
:1053B00009D17B6923F480337B613B685B691B0205
:1053C0007A6913437B617B687A695A607B68FA6803
:1053D0005A653B685A687B689A657B683A691A62C5
:1053E00000BF1C37BD465DF8047B7047002C0140B0
:1053F000004001400044014080B487B000AF7860B5
:1054000039607B681B6A23F480127B681A627B68B0
:105410001B6A3B617B685B687B617B685B6DFB60E3
:10542000FB6823F0807323F4E043FB603B681B6858
:105430001B02FA681343FB603B6923F400133B61D2
:105440003B689B681B053A6913433B617B68144AC0
:10545000934207D07B68134A934203D07B68124A79
:10546000934209D17B6923F480237B613B685B69AC
:105470009B027A6913437B617B687A695A607B6817
:10548000FA685A653B685A687B68DA657B683A69EE
:105490001A6200BF1C37BD465DF8047B704700BF31
:1054A000002C0140004001400044014080B487B01E
:1054B00000AFF860B9607A60FB681B6A7B61FB68CB
:1054C0001B6A23F00102FB681A62FB689B693B615F
:1054D0003B6923F0F0033B617B681B013A6913438E
:1054E0003B617B6923F00A037B617A69BB681343E4
:1054F0007B61FB683A699A61FB687A691A6200BF4E
:105500001C37BD465DF8047B704780B487B000AFA0
:10551000F860B9607A60FB681B6A23F01002FB68D0
:105520001A62FB689B697B61FB681B6A3B617B6954
:1055300023F470437B617B681B037A6913437B61AF
:105540003B6923F0A0033B61BB681B013A6913432D
:105550003B61FB687A699A61FB683A691A6200BF2D
:105560001C37BD465DF8047B704780B485B000AF42
:10557000786039607B689B68FB60FB6823F0700390
:10558000FB603A68FB68134343F00703FB607B68EA
:10559000FA689A6000BF1437BD465DF8047B704717
:1055A00080B487B000AFF860B9607A603B60FB6898
:1055B0009B687B617B6923F47F437B613B681A02B4
:1055C0007B681A43BB6813437A6913437B61FB68AA
:1055D0007A699A6000BF1C37BD465DF8047B70474E
:1055E00080B487B000AFF860B9607A60BB6803F040
:1055F0001F03012202FA03F37B61FB681A6A7B69CD
:10560000DB431A40FB681A62FB681A6ABB6803F046
:105610001F03796801FA03F31A43FB681A6200BF9B
:105620001C37BD465DF8047B704780B582B000AF83
:1056300078607B68002B01D1012340E07B689B6F81
:10564000002B06D17B68002283F874207868FBF772
:10565000E9FC7B6824229A677B681B681A687B6870
:105660001B6822F001021A60786800F02DF80346EA
:10567000012B01D1012322E07B685B6A002B02D061
:10568000786800F07BFA7B681B685A687B681B6847
:1056900022F490425A607B681B689A687B681B689A
:1056A00022F02A029A607B681B681A687B681B6874
:1056B00042F001021A60786800F002FB03461846C7
:1056C0000837BD4680BD00002DE9B04F8AB000AF5D
:1056D000F860002387F82230FB689A68FB681B6932
:1056E0001A43FB685B691A43FB68DB6913437B62FF
:1056F000FB681B681A689E4B1340FA681268796A47
:105700000B431360FB681B685B6823F44051FB6824
:10571000DA68FB681B680A435A60FB689B697B6216
:10572000FB681B68934A934204D0FB681B6A7A6A41
:1057300013437B62FB681B689B6823F43061FB6842
:105740001B687A6A0A439A60FB681B688A4A93421C
:1057500026D18A4BD3F8883003F00303032B1BD8E0
:1057600001A252F823F000BF7957000889570008BA
:105770008157000891570008012387F82330ABE0D8
:10578000022387F82330A7E0042387F82330A3E01F
:10579000082387F823309FE0102387F823309BE00D
:1057A000FB681B68764A934238D1744BD3F8883033
:1057B00003F00C030C2B2DD801A252F823F000BFEC
:1057C000F557000815580008155800081558000826
:1057D0000558000815580008155800081558000805
:1057E000FD570008155800081558000815580008FE
:1057F0000D580008002387F823306DE0022387F856
:10580000233069E0042387F8233065E0082387F814
:10581000233061E0102387F823305DE0FB681B68CC
:10582000584A934225D1554BD3F8883003F03003C2
:10583000302B16D0302B18D8202B0AD0202B14D880
:10584000002B02D0102B08D00FE0002387F8233064
:1058500042E0022387F823303EE0042387F8233018
:105860003AE0082387F8233036E0102387F8233006
:1058700032E0FB681B683F4A93422AD13F4BD3F882
:10588000883003F44063B3F5406F1AD0B3F5406F2E
:105890001BD8B3F5006F0CD0B3F5006F15D8002BF3
:1058A00003D0B3F5806F08D00FE0002387F82330D2
:1058B00012E0022387F823300EE0042387F8233018
:1058C0000AE0082387F8233006E0102387F8233006
:1058D00002E0102387F82330FB681B68254A9342B7
:1058E00040F08A8097F82330082B24D801A252F880
:1058F00023F000BF19590008375900082159000842
:105900003759000827590008375900083759000847
:10591000375900082F590008FEF792FBF86110E094
:10592000194BFB610DE0FEF7F5FAF86109E04FF461
:105930000043FB6105E00023FB61012387F822306F
:1059400000BFFB69002B00F00981FB685A68134611
:105950005B001344FA699A4205D3FB685B681B033A
:10596000FA699A4212D9012387F82230F6E000BF83
:10597000F369FFEF00800040003801400010024052
:1059800000440040004800400024F400FB6900226D
:105990001C4615464FF000024FF000032B0243EA6D
:1059A00014632202F9684968490800208846814644
:1059B00012EB080A43EB090BFB685B6800223B60B3
:1059C0007A60D7E9002350465946FAF701FC0246AF
:1059D0000B461346BB61BB69B3F5407F08D3BB6977
:1059E000B3F5801F04D2FB681B68BA69DA60B5E0C2
:1059F000012387F82230B1E0FB68DB69B3F5004F83
:105A00005DD197F82330082B27D801A252F823F054
:105A1000355A00083D5A0008455A00085B5A0008EC
:105A20004B5A00085B5A00085B5A00085B5A000892
:105A3000535A0008FEF704FBF86114E0FEF716FB6A
:105A4000F86110E04C4BFB610DE0FEF763FAF86182
:105A500009E04FF40043FB6105E00023FB610123F3
:105A600087F8223000BFFB69002B77D0FB695A0012
:105A7000FB685B685B081A44FB685B68B2FBF3F386
:105A8000BB61BB690F2B16D9BB69B3F5803F12D23E
:105A9000BB699BB223F00F03FB82BB695B089BB21F
:105AA00003F007039AB2FB8A1343FB82FB681B686F
:105AB000FA8ADA6052E0012387F822304EE097F844
:105AC0002330082B27D801A252F823F0F15A0008FE
:105AD000F95A0008015B0008175B0008075B000823
:105AE000175B0008175B0008175B00080F5B0008D6
:105AF000FEF7A6FAF86114E0FEF7B8FAF86110E0D4
:105B00001D4BFB610DE0FEF705FAF86109E04FF46B
:105B10000043FB6105E00023FB61012387F822308D
:105B200000BFFB69002B19D0FB685B685A08FB6952
:105B30001A44FB685B68B2FBF3F3BB61BB690F2BD4
:105B400009D9BB69B3F5803F05D2BB699AB2FB683E
:105B50001B68DA6002E0012387F82230FB6800222C
:105B60005A66FB6800229A6697F822301846283752
:105B7000BD46BDE8B08F00BF0024F40080B483B000
:105B800000AF78607B685B6A03F00103002B0AD0EA
:105B90007B681B685B6823F400317B689A6A7B68CA
:105BA0001B680A435A607B685B6A03F00203002BA0
:105BB0000AD07B681B685B6823F480317B68DA6AF3
:105BC0007B681B680A435A607B685B6A03F00403C6
:105BD000002B0AD07B681B685B6823F480217B68FC
:105BE0001A6B7B681B680A435A607B685B6A03F028
:105BF0000803002B0AD07B681B685B6823F4004114
:105C00007B685A6B7B681B680A435A607B685B6AD7
:105C100003F01003002B0AD07B681B689B6823F4F9
:105C200080517B689A6B7B681B680A439A607B682B
:105C30005B6A03F02003002B0AD07B681B689B681B
:105C400023F400517B68DA6B7B681B680A439A6017
:105C50007B685B6A03F04003002B1AD07B681B68EB
:105C60005B6823F480117B681A6C7B681B680A43AD
:105C70005A607B681B6CB3F5801F0AD17B681B6878
:105C80005B6823F4C0017B685A6C7B681B680A431D
:105C90005A607B685B6A03F08003002B0AD07B6844
:105CA0001B685B6823F400217B689A6C7B681B6827
:105CB0000A435A6000BF0C37BD465DF8047B70474D
:105CC00080B586B002AF78607B680022C3F8802080
:105CD00000F030F9F8607B681B681B6803F008036C
:105CE000082B0ED16FF07E430093FB6800224FF427
:105CF0000011786800F02DF80346002B01D0032333
:105D000023E07B681B681B6803F00403042B0ED19F
:105D10006FF07E430093FB6800224FF480017868A7
:105D200000F017F80346002B01D003230DE07B6839
:105D300020229A677B682022DA677B6800221A6635
:105D40007B68002283F87420002318461037BD4674
:105D500080BD80B59CB000AFF860B9603B60134671
:105D6000FB71A5E0BB6FB3F1FF3F00F0A18000F035
:105D7000E1F802463B68D31ABA6F9A4202D3BB6F6E
:105D8000002B3ED1FB681B683B653B6D53E8003F31
:105D9000FB64FB6C23F4D0737B66FB681B681A46BC
:105DA0007B6EFB65BA65B96DFA6D41E800237B65D2
:105DB0007B6D002BE6D1FB681B680833FB63FB6B34
:105DC00053E8003FBB63BB6B23F001033B66FB68FA
:105DD0001B6808333A6EBA647B64796CBA6C41E82C
:105DE00000233B643B6C002BE5D1FB6820229A67C3
:105DF000FB682022DA67FB68002283F87420032303
:105E000067E0FB681B681B6803F00403002B4FD09E
:105E1000FB681B68DB6903F40063B3F5006F47D1CF
:105E2000FB681B684FF400621A62FB681B68BB6268
:105E3000BB6A53E8003F7B627B6A23F4D073FB6646
:105E4000FB681B681A46FB6E7B633A63396B7A6B9F
:105E500041E80023FB62FB6A002BE6D1FB681B686C
:105E600008337B617B6953E8003F3B613B6923F06A
:105E70000103BB66FB681B680833BA6E3A62FB61BC
:105E8000F9693A6A41E80023BB61BB69002BE5D19F
:105E9000FB6820229A67FB682022DA67FB682022D1
:105EA000C3F88020FB68002283F87420032310E0ED
:105EB000FB681B68DA69BB681340BA689A420CBF7A
:105EC00001230023DBB21A46FB799A423FF44AAF22
:105ED000002318467037BD4680BD80B582B000AF44
:105EE0000023FB710320FCF79AFD0F20FBF7F2F86B
:105EF0000346002B02D00123FB7101E0FAF714FFE7
:105F0000FB7918460837BD4680BD000080B400AF5D
:105F1000064B1B781A46064B1B681344044A136051
:105F200000BFBD465DF8047B704700BF080000203D
:105F3000C002002080B400AF034B1B681846BD466A
:105F40005DF8047B704700BFC002002080B483B0BE
:105F500000AF03463960FB7197F90730002B0ADB6D
:105F60003B68DAB20C4997F907301201D2B20B4400
:105F700083F800230AE03B68DAB20849FB7903F0B2
:105F80000F03043B1201D2B20B441A7600BF0C3748
:105F9000BD465DF8047B704700E100E000ED00E0E5
:105FA00080B500AF054B1B6802F064FE0346012B71
:105FB00001D000F0E9FD00BF80BD00BF10E000E0AF
:105FC00080B500AF00216FF00400FFF7BFFF00BFF6
:105FD00080BD000080B483B000AFEFF305833B6069
:105FE0003B68002B03D06FF005037B600CE00A4B8D
:105FF0001B68002B05D1084B01221A6000237B602F
:1060000002E04FF0FF337B607B6818460C37BD46DB
:106010005DF8047B704700BFC402002080B582B0E9
:1060200000AFEFF305833B603B68002B03D06FF0BC
:1060300005037B6010E00B4B1B68012B09D1FFF7B8
:10604000BFFF084B02221A6002F08AF900237B602E
:1060500002E04FF0FF337B607B6818460837BD468F
:1060600080BD00BFC402002080B58EB004AFF860D0
:10607000B9607A6000233B61EFF305837B617B6944
:10608000002B7ED1FB68002B7BD080233B62182342
:10609000FB6100237B624FF0FF33BB617B68002B09
:1060A00045D07B681B68002B02D07B681B687B6235
:1060B0007B689B69002B02D07B689B69FB61FB6955
:1060C000002B08D0FB69382B05D87B685B6803F090
:1060D0000103002B01D0002354E07B685B69002B97
:1060E00003D07B685B699B083B627B689B68002BE5
:1060F0000ED07B68DB68C32B0AD97B681B69002B39
:1061000006D07B685B69002B02D00123BB6110E0E5
:106110007B689B68002B0CD17B68DB68002B08D167
:106120007B681B69002B04D10023BB6101E00023C5
:10613000BB61BB69012B10D17B681B697A689268CF
:1061400002920193FB690093BB683A6A796AF86826
:1061500001F014FF03463B6113E0BB69002B10D133
:106160003B6A9AB207F110030193FB690093BB6885
:10617000796AF86801F05FFF0346012B01D0002324
:106180003B613B6918462837BD4680BD80B584B069
:1061900000AF7860EFF30583BB60BB68002B03D0D2
:1061A0006FF00503FB6007E00023FB607B68002BBA
:1061B00002D0786802F0A0F8FB6818461037BD4698
:1061C00080BD80B588B000AF78600023FB61EFF33D
:1061D0000583BB60BB68002B74D17B68002B03D0A8
:1061E0007B685B68BB6101E00023BB61BB6903F0B6
:1061F0000103002B02D001237B6101E000237B61BE
:10620000BB6903F00803002B5CD14FF0FF333B6107
:106210007B68002B15D07B689B68002B06D07B68C1
:10622000DB684F2B02D901233B610CE07B689B6844
:10623000002B08D17B68DB68002B04D100233B6175
:1062400001E000233B613B69012B12D17B69002BEC
:1062500007D07B689B681946042001F07EF8F8613E
:1062600016E07B689B681946012001F076F8F8611A
:106270000EE03B69002B0BD17B69002B04D004207E
:1062800001F053F8F86103E0012001F04EF8F861E5
:10629000FB69002B0CD07B68002B03D07B681B684C
:1062A000FB6001E00023FB60F968F86901F008FE7B
:1062B000FB69002B06D07B69002B03D0FB6943F000
:1062C0000103FB61FB6918462037BD4680BD80B5E0
:1062D00086B000AF786039607B6823F001033B61D2
:1062E0007B6803F00103FB6000237B61EFF3058310
:1062F000BB60BB68002B03D06FF005037B612CE013
:106300003B69002B03D16FF003037B6125E0FB6841
:10631000002B11D03968386901F06EF80346012B63
:106320001BD03B68002B03D06FF001037B6114E0AE
:106330006FF002037B6110E03968386901F00CFBF3
:106340000346012B09D03B68002B03D06FF00103FB
:106350007B6102E06FF002037B617B6918461837AE
:10636000BD4680BD80B586B000AF78607B6823F005
:1063700001033B617B6803F00103FB6000237B6149
:10638000EFF30583BB60BB68002B03D06FF0050300
:106390007B611FE03B69002B03D16FF003037B613E
:1063A00018E0FB68002B09D0386900F0F1FF0346C4
:1063B000012B0FD06FF002037B610BE00023002262
:1063C0000021386901F04EF80346012B02D06FF02E
:1063D00002037B617B6918461837BD4680BD80B5D6
:1063E0008AB002AFF860B9607A600023FB61EFF316
:1063F00005833B613B69002B5FD1FB68002B5CD0C0
:10640000BB68002B59D04FF0FF33BB617B68002B7A
:1064100029D07B689B68002B12D07B68DB684F2BF0
:106420000ED97B681B69002B0AD07B685A69FB6810
:10643000B96801FB03F39A4202D30123BB6114E064
:106440007B689B68002B10D17B68DB68002B0CD12C
:106450007B681B69002B08D17B685B69002B04D12A
:106460000023BB6101E00023BB61BB69012B0BD1A1
:106470007B681A697B689B6800210091B968F8689D
:1064800000F064FEF86108E0BB69002B05D1002232
:10649000B968F86800F0D2FEF861FB69002B0CD0F7
:1064A0007B68002B03D07B681B687B6101E00023C5
:1064B0007B617969F86901F003FDFB6918462037B3
:1064C000BD4680BD80B588B000AFF860B9603B6064
:1064D0001346FB71FB68BB610023FB61EFF305838F
:1064E0007B617B69002B28D0BB69002B05D0BB6882
:1064F000002B02D03B68002B03D06FF00303FB613D
:1065000038E000233B6107F110020023B968B86945
:1065100001F0A6F80346012B03D06FF00203FB61E4
:1065200028E03B69002B25D0154B4FF080521A60B4
:10653000BFF34F8FBFF36F8F1CE0BB69002B02D0FE
:10654000BB68002B03D16FF00303FB6112E0002353
:106550003A68B968B86900F085FF0346012B09D095
:106560003B68002B03D06FF00103FB6102E06FF08A
:106570000203FB61FB6918462037BD4680BD00BFA2
:1065800004ED00E080B588B000AFF860B9607A60D3
:106590003B60FB68BB610023FB61EFF305837B611C
:1065A0007B69002B28D0BB69002B05D0BB68002B72
:1065B00002D03B68002B03D06FF00303FB6137E090
:1065C00000233B6107F110031A46B968B86901F06E
:1065D000CFFA0346012B03D06FF00203FB6127E0E3
:1065E0003B69002B24D0154B4FF080521A60BFF34B
:1065F0004F8FBFF36F8F1BE0BB69002B02D0BB68CE
:10660000002B03D16FF00303FB6111E03A68B96816
:10661000B86901F0C1F80346012B09D03B68002B93
:1066200003D06FF00103FB6102E06FF00203FB6136
:10663000FB6918462037BD4680BD00BF04ED00E071
:1066400080B485B000AFF860B9607A60FB68074A33
:106650001A60BB68064A1A607B6880221A6000BF15
:106660001437BD465DF8047B704700BFC8020020A8
:106670008C03002080B485B000AFF860B9607A6008
:10668000FB68074A1A60BB68064A1A607B684FF4C9
:1066900080721A6000BF1437BD465DF8047B7047F6
:1066A0008C0500205006002080B483B000AF7860D5
:1066B0007B6803F108027B685A607B684FF0FF3209
:1066C0009A607B6803F108027B68DA607B6803F1FB
:1066D00008027B681A617B6800221A6000BF0C37D1
:1066E000BD465DF8047B704780B483B000AF78602E
:1066F0007B6800221A6100BF0C37BD465DF8047B41
:10670000704780B485B000AF786039607B685B68A3
:10671000FB603B68FA685A60FB689A683B689A605D
:10672000FB689B683A685A60FB683A689A603B6805
:106730007A681A617B681B685A1C7B681A6000BF04
:106740001437BD465DF8047B704780B485B000AF58
:10675000786039603B681B68BB60BB68B3F1FF3F82
:1067600003D17B681B69FB600CE07B680833FB602E
:1067700002E0FB685B68FB60FB685B681B68BA68EB
:106780009A42F6D2FB685A683B685A603B685B687D
:106790003A689A603B68FA689A60FB683A685A609F
:1067A0003B687A681A617B681B685A1C7B681A60B0
:1067B00000BF1437BD465DF8047B704780B485B0D8
:1067C00000AF78607B681B69FB607B685B687A68F8
:1067D00092689A607B689B687A6852685A60FB6826
:1067E0005B687A689A4203D17B689A68FB685A6052
:1067F0007B6800221A61FB681B685A1EFB681A60DE
:10680000FB681B6818461437BD465DF8047B70476B
:1068100080B485B000AFF860B9607A60FB68043B73
:10682000FB60FB684FF080721A60FB68043BFB6002
:10683000BB6823F00102FB681A60FB68043BFB6045
:106840000C4AFB681A60FB68143BFB607A68FB68C3
:106850001A60FB68043BFB60FB686FF002021A6081
:10686000FB68203BFB60FB6818461437BD465DF8AB
:10687000047B70477968000880B485B000AF0023BE
:106880007B60124B1B68B3F1FF3F0AD04FF05003FF
:1068900083F31188BFF36F8FBFF34F8FFB6000BF8F
:1068A000FEE74FF0500383F31188BFF36F8FBFF300
:1068B0004F8FBB6000BF00BF7B68002BFCD000BFC8
:1068C00000BF1437BD465DF8047B70470C00002004
:1068D000074B19680868B0E8F04F80F30988BFF3E8
:1068E0006F8F4FF0000080F311887047AFF3008086
:1068F000D858002000BF00BF08480068006880F337
:1069000008884FF0000080F3148862B661B6BFF3C8
:106910004F8FBFF36F8F00DF00BF00BF08ED00E0B7
:1069200080B586B000AF464B1B68464A93420AD1F9
:106930004FF0500383F31188BFF36F8FBFF34F8F76
:106940003B6100BFFEE73E4B1B683F4A93420AD1C2
:106950004FF0500383F31188BFF36F8FBFF34F8F56
:10696000FB6000BFFEE7394B7B617B691B78DBB2C4
:106970007B607B69FF221A707B691B78DBB2FB703E
:10698000FB78DBB203F05003DAB2314B1A70314BB3
:1069900007221A6009E02F4B1B68013B2D4A136048
:1069A000FB78DBB25B00DBB2FB70FB78DBB203F0A1
:1069B0008003802BEFD0274B1B68C3F10703042B08
:1069C0000AD04FF0500383F31188BFF36F8FBFF3EA
:1069D0004F8FBB6000BFFEE71E4B1B681B021D4AAA
:1069E00013601C4B1B6803F4E0631A4A13607B6856
:1069F000DAB27B691A70184B1B68174A43F47003AC
:106A00001360154B1B68144A43F07043136000F089
:106A1000DDF8124B00221A6000F0FCF8104B1B68E6
:106A20000F4A43F040431360FFF766FF01F080FE1A
:106A3000FFF722FF002318461837BD4680BD00BF70
:106A400000ED00E071C20F4170C20F4100E400E0B0
:106A5000500A0020540A002020ED00E00C00002025
:106A600034EF00E080B483B000AF4FF0500383F305
:106A70001188BFF36F8FBFF34F8F7B6000BF0F4B49
:106A80001B6801330D4A13600C4B1B68012B0FD19F
:106A90000B4B1B68DBB2002B0AD04FF0500383F383
:106AA0001188BFF36F8FBFF34F8F3B6000BFFEE7CE
:106AB00000BF0C37BD465DF8047B70470C0000201A
:106AC00004ED00E080B483B000AF124B1B68002BD4
:106AD0000AD14FF0500383F31188BFF36F8FBFF3D8
:106AE0004F8F7B6000BFFEE70A4B1B68013B094AE2
:106AF0001360084B1B68002B05D100233B603B68EB
:106B000083F3118800BF00BF0C37BD465DF8047BDE
:106B1000704700BF0C0000200000000000000000D3
:106B2000EFF30980BFF36F8F154B1A681EF0100F3B
:106B300008BF20ED108A20E9F04F10602DE9090010
:106B40004FF0500080F31188BFF34F8FBFF36F8F6A
:106B500001F0EEFD4FF0000080F3118809BC1968C8
:106B60000868B0E8F04F1EF0100F08BFB0EC108AB4
:106B700080F30988BFF36F8F704700BFAFF30080C9
:106B8000D858002000BF00BF80B582B000AF4FF0E2
:106B9000500383F31188BFF36F8FBFF34F8F7B6078
:106BA00000BF01F00BFD0346002B03D0064B4FF056
:106BB00080521A6000233B603B6883F3118800BF5A
:106BC00000BF0837BD4680BD04ED00E080B400AFD3
:106BD0000B4B00221A600B4B00221A600A4B1B68F9
:106BE0000A4AA2FB03239B09094A013B1360044B99
:106BF00007221A6000BFBD465DF8047B704700BFE6
:106C000010E000E018E000E000000020D34D62102A
:106C100014E000E0DFF80C00016841F4700101604D
:106C2000704700BF88ED00E080B485B000AFEFF39F
:106C30000583FB60FB680F2B14D9174AFB681344CC
:106C40001B78FB72154B1B78FA7A9A420AD24FF0E6
:106C5000500383F31188BFF36F8FBFF34F8F7B60B7
:106C600000BFFEE70E4B1B6803F4E0620D4B1B6890
:106C70009A420AD94FF0500383F31188BFF36F8F04
:106C8000BFF34F8F3B6000BFFEE700BF1437BD4628
:106C90005DF8047B704700BFF0E300E0500A00207D
:106CA0000CED00E0540A002080B58AB000AF786097
:106CB0000023FB6101F0C6FB5B4B1B68002B01D17D
:106CC00000F020F9594B1A687B681340002B40F004
:106CD00093807B68002B1DD008227B6813447B6067
:106CE0007B6803F00703002B14D07B6823F00703B5
:106CF00008337B607B6803F00703002B0AD04FF05A
:106D0000500383F31188BFF36F8FBFF34F8F7B6105
:106D100000BFFEE77B68002B6ED0454B1B687A688E
:106D20009A4269D8434B3B62424B1B687B6204E04A
:106D30007B6A3B627B6A1B687B627B6A5B687A6802
:106D40009A4203D97B6A1B68002BF1D1364B1B6832
:106D50007A6A9A4250D03B6A1B6808221344FB614E
:106D60007B6A1A683B6A1A607B6A5A687B68D21A27
:106D700008235B009A421FD97A6A7B681344BB617F
:106D8000BB6903F00703002B0AD04FF0500383F3D5
:106D90001188BFF36F8FBFF34F8F3B6100BFFEE7DA
:106DA0007B6A5A687B68D21ABB695A607B6A7A68C8
:106DB0005A60B86900F008F91D4B1A687B6A5B6875
:106DC000D31A1B4A13601A4B1A681B4B1B689A4252
:106DD00003D2174B1B68184A13607B6A5A68134B1F
:106DE0001B681A437B6A5A607B6A00221A60134B45
:106DF0001B680133114A136001F032FBFB6903F099
:106E00000703002B0AD04FF0500383F31188BFF320
:106E10006F8FBFF34F8FFB6000BFFEE7FB69184623
:106E20002837BD4680BD00BF805800209458002000
:106E30008458002078580020885800208C58002062
:106E400080B586B000AF78607B687B617B68002B83
:106E50004DD008235B427A6913447B617B693B61B7
:106E60003B695A68244B1B681340002B0AD14FF032
:106E7000500383F31188BFF36F8FBFF34F8FFB6015
:106E800000BFFEE73B691B68002B0AD04FF05003A0
:106E900083F31188BFF36F8FBFF34F8FBB6000BFC9
:106EA000FEE73B695A68144B1B681340002B1ED049
:106EB0003B691B68002B1AD13B695A680E4B1B6853
:106EC000DB431A403B695A6001F0BCFA3B695A68DF
:106ED0000A4B1B681344094A1360386900F074F8C0
:106EE000074B1B680133064A136001F0B9FA00BF73
:106EF0001837BD4680BD00BF94580020845800203C
:106F00009058002080B485B000AF44F62063BB6089
:106F1000274BFB60FB6803F00703002B0CD0FB68DA
:106F20000733FB60FB6823F00703FB60BA68FB686C
:106F3000D31A1F4A1344BB60FB687B601D4A7B6801
:106F400013601C4B00225A607B68BA681344FB60D4
:106F50000822FB689B1AFB60FB6823F00703FB60B9
:106F6000FB68154A1360144B1B6800225A60124BD1
:106F70001B6800221A607B683B603B68FA68D21A83
:106F80003B685A600C4B1A683B681A603B685B6848
:106F90000A4A13603B685B68094A1360094B4FF06B
:106FA00000421A6000BF1437BD465DF8047B70478D
:106FB000580A002078580020805800208858002067
:106FC000845800209458002080B485B000AF7860C9
:106FD000284BFB6002E0FB681B68FB60FB681B68DA
:106FE0007A689A42F7D8FB68BB60FB685B68BA684E
:106FF00013447A689A4208D1FB685A687B685B68D8
:107000001A44FB685A60FB687B607B68BB607B68E6
:107010005B68BA681A44FB681B689A4218D1FB681F
:107020001A68154B1B689A420DD07B685A68FB683A
:107030001B685B681A447B685A60FB681B681A68A7
:107040007B681A6008E00C4B1A687B681A6003E0E2
:10705000FB681A687B681A60FA687B689A4202D0FB
:10706000FB687A681A6000BF1437BD465DF8047B80
:10707000704700BF785800208058002080B584B049
:1070800000AF786039607B68FB60FB68002B0AD139
:107090004FF0500383F31188BFF36F8FBFF34F8F0F
:1070A000BB6000BFFEE7FFF7DDFCFB681A68FB680A
:1070B000DB6BF968096C01FB03F31A44FB689A6007
:1070C000FB6800229A63FB681A68FB685A60FB68D9
:1070D0001A68FB68DB6B013BF968096C01FB03F381
:1070E0001A44FB68DA60FB68FF2283F84420FB68DF
:1070F000FF2283F845203B68002B14D1FB681B69F5
:10710000002B1AD0FB681033184601F0E1FB034650
:10711000002B12D00C4B4FF080521A60BFF34F8FF0
:10712000BFF36F8F09E0FB6810331846FFF7BCFA16
:10713000FB6824331846FFF7B7FAFFF7C3FC0123B7
:1071400018461037BD4680BD04ED00E080B58EB016
:1071500002AFF860B9607A603B60FB68002B0AD12F
:107160004FF0500383F31188BFF36F8FBFF34F8F3E
:10717000BB6200BFFEE73B68002B0AD14FF0500313
:1071800083F31188BFF36F8FBFF34F8F7B6200BF14
:10719000FEE77B68002B02D0BB68002B01D00123E7
:1071A00000E00023002B0AD14FF0500383F3118835
:1071B000BFF36F8FBFF34F8F3B6200BFFEE77B686B
:1071C000002B02D1BB68002B01D1012300E000237A
:1071D000002B0AD14FF0500383F31188BFF36F8F58
:1071E000BFF34F8FFB6100BFFEE750237B617B69DC
:1071F000502B0AD04FF0500383F31188BFF36F8FE9
:10720000BFF34F8FBB6100BFFEE77B693B68FB624A
:10721000FB6A002B0DD0FB6A012283F8462097F809
:107220003820FB6A009313467A68B968F86800F062
:107230003FF8FB6A18463037BD4680BD80B58AB03E
:1072400002AFF860B9601346FB71FB68002B0AD1EE
:107250004FF0500383F31188BFF36F8FBFF34F8F4D
:107260003B6100BFFEE7FB68BA6802FB03F3FB610A
:10727000FB6950331846FFF717FDB861BB69002B57
:1072800011D0BB697B617B6950337B61BB69002294
:1072900083F84620FA79BB69009313467A69B96886
:1072A000F86800F005F8BB6918462037BD4680BD78
:1072B00080B584B000AFF860B9607A60FB70BB68DD
:1072C000002B03D1BB69BA691A6002E0BB697A6816
:1072D0001A60BB69FA68DA63BB69BA681A6401218B
:1072E000B869FFF7CBFEBB69FA7883F84C2000BF82
:1072F0001037BD4680BD80B582B000AF78607B6836
:10730000002B0ED07B6800229A607B6800221A60F6
:107310007B680022DA60002300220021786800F0F8
:10732000A1F800BF0837BD4680BD80B586B000AF6C
:107330000346FB7101237B6100233B61FB791A4605
:1073400039697869FFF77AFFF860F868FFF7D3FFCB
:10735000FB6818461837BD4680BD80B588B002AFBF
:1073600003463960FB7101237B6100233B61FB799C
:1073700000933B68002239697869FFF7E7FEF860FF
:10738000F868FFF7B8FFFB6818461837BD4680BDA0
:1073900090B587B000AF78607B683B613B69002B9C
:1073A0000AD14FF0500383F31188BFF36F8FBFF3FF
:1073B0004F8FFB6000BFFEE73B699C6801F04AFC11
:1073C00003469C4211D13B69DB685A1E3B69DA6077
:1073D0003B69DB68002B05D10023002200213869BE
:1073E00000F040F801237B6101E000237B617B69B1
:1073F00018461C37BD4690BD90B587B000AF786089
:1074000039607B683B613B69002B0AD14FF0500328
:1074100083F31188BFF36F8FBFF34F8FFB6000BF03
:10742000FEE73B699C6801F015FC03469C4207D1CE
:107430003B69DB685A1C3B69DA6001237B610CE025
:107440003968386900F088FA78617B69002B04D0CC
:107450003B69DB685A1C3B69DA607B6918461C375C
:10746000BD4690BD80B58EB000AFF860B9607A605F
:107470003B6000237B63FB683B633B6B002B0AD1C3
:107480004FF0500383F31188BFF36F8FBFF34F8F1B
:10749000BB6200BFFEE7BB68002B03D13B6B1B6CDC
:1074A000002B01D1012300E00023002B0AD14FF073
:1074B000500383F31188BFF36F8FBFF34F8F7B624D
:1074C00000BFFEE73B68022B03D13B6BDB6B012B5C
:1074D00001D1012300E00023002B0AD14FF050031B
:1074E00083F31188BFF36F8FBFF34F8F3B6200BFF1
:1074F000FEE701F0BFFB0346002B02D17B68002BA7
:1075000001D1012300E00023002B0AD14FF05003EA
:1075100083F31188BFF36F8FBFF34F8FFB6100BF01
:10752000FEE7FFF79FFA3B6B9A6B3B6BDB6B9A4274
:1075300002D33B68022B29D13A68B968386B00F056
:10754000AFFBF8623B6B5B6A002B10D03B6B2433C4
:10755000184601F0BDF90346002B13D03F4B4FF006
:1075600080521A60BFF34F8FBFF36F8F0AE0FB6A40
:10757000002B07D0394B4FF080521A60BFF34F8F6A
:10758000BFF36F8FFFF79EFA012363E07B68002B48
:1075900003D1FFF797FA00235CE07B6B002B06D149
:1075A00007F11403184601F0F7F901237B63FFF795
:1075B00089FA00F047FFFFF755FA3B6B93F8443028
:1075C0005BB2B3F1FF3F03D13B6B002283F8442051
:1075D0003B6B93F845305BB2B3F1FF3F03D13B6B9C
:1075E000002283F84520FFF76DFA3A1D07F11403D6
:1075F0001146184601F0E6F90346002B24D1386BFA
:1076000000F046FC0346002B18D03B6B10337A6821
:107610001146184601F00CF9386B00F0D1FB00F070
:107620001FFF0346002B7FF47CAF0C4B4FF08052C2
:107630001A60BFF34F8FBFF36F8F72E7386B00F0A4
:10764000BFFB00F00DFF6CE7386B00F0B9FB00F0FA
:1076500007FF002318463837BD4680BD04ED00E023
:1076600080B590B000AFF860B9607A603B60FB68AD
:10767000BB63BB6B002B0AD14FF0500383F311881F
:10768000BFF36F8FBFF34F8FBB6200BFFEE7BB68D6
:10769000002B03D1BB6B1B6C002B01D1012300E03D
:1076A0000023002B0AD14FF0500383F31188BFF35E
:1076B0006F8FBFF34F8F7B6200BFFEE73B68022BEB
:1076C00003D1BB6BDB6B012B01D1012300E0002355
:1076D000002B0AD14FF0500383F31188BFF36F8F53
:1076E000BFF34F8F3B6200BFFEE7FFF79DFAEFF35A
:1076F00011824FF0500383F31188BFF36F8FBFF3F4
:107700004F8FFA61BB61FB697B63BB6B9A6BBB6B91
:10771000DB6B9A4202D33B68022B2FD1BB6B93F8F1
:10772000453087F83330BB6B9B6BFB623A68B968B6
:10773000B86B00F0B5FA97F93330B3F1FF3F12D1CF
:10774000BB6B5B6A002B16D0BB6B2433184601F071
:10775000BFF80346002B0ED07B68002B0BD07B6854
:1077600001221A6007E097F833300133DBB25AB2D6
:10777000BB6B83F845200123FB6301E00023FB631F
:107780007B6B7B617B6983F3118800BFFB6B1846C1
:107790004037BD4680BD000080B58CB000AFF860BA
:1077A000B9607A600023FB62FB68BB62BB6A002B96
:1077B0000AD14FF0500383F31188BFF36F8FBFF3EB
:1077C0004F8F3B6200BFFEE7BB68002B03D1BB6A53
:1077D0001B6C002B01D1012300E00023002B0AD1F8
:1077E0004FF0500383F31188BFF36F8FBFF34F8FB8
:1077F000FB6100BFFEE701F03DFA0346002B02D11A
:107800007B68002B01D1012300E00023002B0AD16B
:107810004FF0500383F31188BFF36F8FBFF34F8F87
:10782000BB6100BFFEE7FFF71DF9BB6A9B6B7B6284
:107830007B6A002B1FD0B968B86A00F09BFA7B6A9C
:107840005A1EBB6A9A63BB6A1B69002B0FD0BB6AC6
:107850001033184601F03CF80346002B07D03D4B8F
:107860004FF080521A60BFF34F8FBFF36F8FFFF757
:1078700029F9012369E07B68002B03D1FFF722F986
:10788000002362E0FB6A002B06D107F110031846C3
:1078900001F082F80123FB62FFF714F900F0D2FD3A
:1078A000FFF7E0F8BB6A93F844305BB2B3F1FF3FF7
:1078B00003D1BB6A002283F84420BB6A93F84530A9
:1078C0005BB2B3F1FF3F03D1BB6A002283F84520CE
:1078D000FFF7F8F83A1D07F110031146184601F0BA
:1078E00071F80346002B23D1B86A00F0BBFA0346B7
:1078F000002B17D0BB6A24337A681146184600F073
:1079000097FFB86A00F05CFA00F0AAFD0346002B6E
:1079100089D1104B4FF080521A60BFF34F8FBFF3E5
:107920006F8F80E7B86A00F04BFA00F099FD7AE7B4
:10793000B86A00F045FA00F093FDB86A00F092FAD8
:107940000346002B3FF46FAF002318463037BD4687
:1079500080BD00BF04ED00E080B58EB000AF786060
:10796000396000237B637B68FB6200233B63FB6A17
:10797000002B0AD14FF0500383F31188BFF36F8FB0
:10798000BFF34F8F3B6200BFFEE7FB6A1B6C002B0F
:107990000AD04FF0500383F31188BFF36F8FBFF30A
:1079A0004F8FFB6100BFFEE701F064F90346002B37
:1079B00002D13B68002B01D1012300E00023002B02
:1079C0000AD14FF0500383F31188BFF36F8FBFF3D9
:1079D0004F8FBB6100BFFEE7FFF744F8FB6A9B6B6C
:1079E000BB62BB6A002B24D0BB6A5A1EFB6A9A6337
:1079F000FB6A1B68002B04D101F0B2FA0246FB6A55
:107A00009A60FB6A1B69002B0FD0FB6A1033184683
:107A100000F05EFF0346002B07D0544B4FF080521E
:107A20001A60BFF34F8FBFF36F8FFFF74BF801233F
:107A300097E03B68002B11D13B6B002B0AD04FF035
:107A4000500383F31188BFF36F8FBFF34F8F7B61B8
:107A500000BFFEE7FFF736F8002382E07B6B002BC8
:107A600006D107F10C03184600F096FF01237B6353
:107A7000FFF728F800F0E6FCFEF7F4FFFB6A93F846
:107A800044305BB2B3F1FF3F03D1FB6A002283F8BD
:107A90004420FB6A93F845305BB2B3F1FF3F03D15A
:107AA000FB6A002283F84520FFF70CF83A4607F1FD
:107AB0000C031146184600F085FF0346002B32D117
:107AC000F86A00F0CFF90346002B26D0FB6A1B684A
:107AD000002B09D1FEF7C6FFFB6A9B68184601F030
:107AE000E7F83863FEF7EEFFFB6A24333A68114685
:107AF000184600F09DFEF86A00F062F900F0B0FC54
:107B00000346002B7FF468AF184B4FF080521A6089
:107B1000BFF34F8FBFF36F8F5EE7F86A00F050F945
:107B200000F09EFC58E7F86A00F04AF900F098FC73
:107B3000F86A00F097F90346002B3FF44DAF3B6B1A
:107B4000002B0DD0FEF78EFFF86A00F091F87862F6
:107B5000FB6A9B68796A184601F080F9FEF7B2FF6C
:107B6000002318463837BD4680BD00BF04ED00E055
:107B700080B58EB000AFF860B9607A60FB683B6397
:107B80003B6B002B0AD14FF0500383F31188BFF3F6
:107B90006F8FBFF34F8F3B6200BFFEE7BB68002BC8
:107BA00003D13B6B1B6C002B01D1012300E00023B0
:107BB000002B0AD14FF0500383F31188BFF36F8F6E
:107BC000BFF34F8FFB6100BFFEE7FFF72DF8EFF328
:107BD00011824FF0500383F31188BFF36F8FBFF30F
:107BE0004F8FBA617B61BB69FB623B6B9B6BBB6276
:107BF000BB6A002B2FD03B6B93F8443087F82730BB
:107C0000B968386B00F0B6F8BB6A5A1E3B6B9A63D2
:107C100097F92730B3F1FF3F12D13B6B1B69002B63
:107C200016D03B6B1033184600F052FE0346002B73
:107C30000ED07B68002B0BD07B6801221A6007E016
:107C400097F827300133DBB25AB23B6B83F84420FC
:107C500001237B6301E000237B63FB6A3B613B699B
:107C600083F3118800BF7B6B18463837BD4680BD53
:107C700080B485B000AF78607B685B6A002B06D06B
:107C80007B681B6B1B68C3F13803FB6001E00023BA
:107C9000FB60FB6818461437BD465DF8047B7047EF
:107CA00080B586B000AFF860B9607A6000237B6170
:107CB000FB689B6B3B61FB681B6C002B0DD1FB6869
:107CC0001B68002B4DD1FB689B68184601F058F8E3
:107CD0007861FB6800229A6043E07B68002B19D131
:107CE000FB685868FB681B6C1A46B96802F0E2FF33
:107CF000FB685A68FB681B6C1A44FB685A60FB6897
:107D00005A68FB689B689A422BD3FB681A68FB6829
:107D10005A6026E0FB68D868FB681B6C1A46B96895
:107D200002F0C8FFFB68DA68FB681B6C5B421A4410
:107D3000FB68DA60FB68DA68FB681B689A4207D266
:107D4000FB689A68FB681B6C5B421A44FB68DA604C
:107D50007B68022B05D13B69002B02D03B69013BBC
:107D60003B613B695A1CFB689A637B69184618376C
:107D7000BD4680BD80B582B000AF786039607B6859
:107D80001B6C002B18D07B68DA687B681B6C1A446C
:107D90007B68DA607B68DA687B689B689A4203D309
:107DA0007B681A687B68DA607B68D9687B681B6CC3
:107DB0001A46386802F07EFF00BF0837BD4680BD16
:107DC00080B584B000AF7860FEF74CFE7B6893F816
:107DD0004530FB7311E07B685B6A002B12D07B6837
:107DE0002433184600F074FD0346002B01D000F048
:107DF0004BFEFB7B013BDBB2FB7397F90F30002B93
:107E0000E9DC00E000BF7B68FF2283F84520FEF735
:107E100059FEFEF727FE7B6893F84430BB7311E0F0
:107E20007B681B69002B12D07B681033184600F06A
:107E30004FFD0346002B01D000F026FEBB7B013B2B
:107E4000DBB2BB7397F90E30002BE9DC00E000BF1A
:107E50007B68FF2283F84420FEF734FE00BF103712
:107E6000BD4680BD80B584B000AF7860FEF7FAFDF6
:107E70007B689B6B002B02D10123FB6001E0002398
:107E8000FB60FEF71FFEFB6818461037BD4680BD3D
:107E900080B584B000AF7860FEF7E4FD7B689A6B34
:107EA0007B68DB6B9A4202D10123FB6001E0002377
:107EB000FB60FEF707FEFB6818461037BD4680BD25
:107EC00080B485B000AF786039600023FB6014E0B7
:107ED0000F4AFB6852F83330002B0BD10C49FB687A
:107EE0003A6841F833200A4AFB68DB0013447A6899
:107EF0005A6006E0FB680133FB60FB68072BE7D99B
:107F000000BF00BF1437BD465DF8047B704700BF5B
:107F10009858002080B586B000AFF860B9607A60EC
:107F2000FB687B61FEF79EFD7B6993F844305BB292
:107F3000B3F1FF3F03D17B69002283F844207B69C2
:107F400093F845305BB2B3F1FF3F03D17B69002268
:107F500083F84520FEF7B6FD7B699B6B002B06D1AD
:107F60007B6924337A68B968184600F085FC786923
:107F7000FFF726FF00BF1837BD4680BD80B58EB025
:107F800004AFF860B9607A603B607B6B002B0AD16C
:107F90004FF0500383F31188BFF36F8FBFF34F8F00
:107FA0003B6200BFFEE7BB6B002B0AD14FF05003D2
:107FB00083F31188BFF36F8FBFF34F8FFB6100BF57
:107FC000FEE7C4233B613B69C42B0AD04FF050034A
:107FD00083F31188BFF36F8FBFF34F8FBB6100BF77
:107FE000FEE73B69BB6B002B1ED07B6B002B1BD0CD
:107FF000BB6B7B627B6A7A6B1A637B6A022283F8B3
:10800000C120002303937B6A029307F114030193B9
:108010003B6B00933B687A68B968F86800F050F8E9
:10802000786A00F0F9F801E000237B617B6918466B
:108030002837BD4680BD80B58CB004AFF860B9600C
:108040003B601346FB80FB889B001846FEF72CFE26
:1080500078617B69002B0ED0C420FEF725FEF86105
:10806000FB69002B03D0FB697A691A6305E0786924
:10807000FEF7E6FE01E00023FB61FB69002B17D051
:10808000FB69002283F8C120FA8800230393FB696F
:108090000293FB6A0193BB6A00933B68B968F86876
:1080A00000F00EF8F86900F0B7F80123BB6102E0B8
:1080B0004FF0FF33BB61BB6918462037BD4680BD1A
:1080C00080B588B000AFF860B9607A603B603B6B08
:1080D000186B7B689B001A46A52102F0F9FD3B6BEB
:1080E0001A6B7B6803F18043013B9B001344BB6127
:1080F000BB6923F00703BB61BB6903F00703002BD7
:108100000AD04FF0500383F31188BFF36F8FBFF392
:108110004F8F7B6100BFFEE73B6BBA695A64BB6857
:10812000002B1FD00023FB6112E0BA68FB691344E7
:1081300019783A6BFB69134434330A461A70BA68EB
:10814000FB6913441B78002B06D0FB690133FB61EC
:10815000FB690F2BE9D900E000BF3B6B002283F8DD
:10816000432003E03B6B002283F83420BB6A372BAB
:1081700001D93723BB623B6BBA6ADA623B6BBA6ADE
:108180001A653B6B00225A653B6B04331846FEF7B9
:10819000ABFA3B6B18331846FEF7A6FA3B6B3A6B0B
:1081A0001A61BB6AC3F138023B6B9A613B6B3A6B55
:1081B0005A623B6B00229A653B6B0022C3F8BC20DD
:1081C0003B6B002283F8C0203B6B5C3360220021B4
:1081D000184602F07DFD3B6B0C4A1A663B6B0C4A5D
:1081E0005A663B6B0B4A9A663A68F968B869FEF7BB
:1081F0000FFB02463B6B1A60FB6A002B02D0FB6A46
:108200003A6B1A6000BF2037BD4680BD88B10008B8
:10821000A8B1000868B1000880B582B000AF7860EE
:10822000FEF720FC2D4B1B6801332C4A13602C4BAE
:108230001B68002B09D12A4A7B681360274B1B68F7
:10824000012B10D100F044FC0DE0264B1B68002BE5
:1082500009D1234B1B68DA6A7B68DB6A9A4202D831
:108260001F4A7B681360204B1B6801331E4A136052
:108270001D4B1A687B689A647B68DA6A1B4B1B6823
:108280009A4203D97B68DB6A184A13607B68DA6A12
:1082900013469B0013449B00154A1A447B68043321
:1082A00019461046FEF72DFAFEF70CFC0D4B1B6825
:1082B000002B0ED00A4B1B68DA6A7B68DB6A9A4295
:1082C00007D20C4B4FF080521A60BFF34F8FBFF3B1
:1082D0006F8F00BF0837BD4680BD00BFAC5D00207A
:1082E000D8580020B85D0020C85D0020B45D002093
:1082F000DC58002004ED00E080B584B000AF786069
:108300000023FB607B68002B17D0134B1B68002BEE
:108310000AD04FF0500383F31188BFF36F8FBFF380
:108320004F8FBB6000BFFEE700F08CF8002178683B
:1083300000F02AFE00F094F8F860FB68002B07D1EB
:10834000064B4FF080521A60BFF34F8FBFF36F8F11
:1083500000BF1037BD4680BDD45D002004ED00E0B5
:1083600080B58AB004AF0023BB6000237B603A462F
:10837000391D07F108031846FEF762F939687B6872
:10838000BA68029201930023009300230A4625490C
:108390002548FFF7F3FD0346244A1360234B1B686F
:1083A000002B02D001237B6101E000237B617B690C
:1083B000012B02D100F03CFE78617B69012B1DD1BD
:1083C0004FF0500383F31188BFF36F8FBFF34F8FCC
:1083D0003B6100BF164B1B685C33164A1360164B9B
:1083E0004FF0FF321A60154B01221A60144B002225
:1083F0001A60F8F777F8FEF793FA0EE07B69B3F1AD
:10840000FF3F0AD14FF0500383F31188BFF36F8F02
:10841000BFF34F8FFB6000BFFEE700BF1837BD46BC
:1084200080BD00BF04AF0008A18A0008D05D002015
:10843000D858002040000020CC5D0020B85D00200E
:10844000B05D002080B400AF044B1B680133034AC9
:10845000136000BFBD465DF8047B7047D45D00200B
:1084600080B584B000AF0023FB600023BB60424BAB
:108470001B68002B0AD14FF0500383F31188BFF320
:108480006F8FBFF34F8F3B6000BFFEE7FEF7EAFA46
:10849000394B1B68013B384A1360374B1B68002B74
:1084A00062D1364B1B68002B5ED02FE0344BDB686B
:1084B000DB68FB60FB6818331846FEF77FF9FB6842
:1084C00004331846FEF77AF9FB68DA6A2D4B1B680D
:1084D0009A4203D9FB68DB6A2A4A1360FB68DA6AAE
:1084E00013469B0013449B00274A1A44FB6804333D
:1084F00019461046FEF705F9FB68DA6A234B1B683C
:10850000DB6A9A4202D3224B01221A601C4B1B6881
:10851000002BCBD1FB68002B01D000F07BFB1D4B67
:108520001B687B607B68002B10D000F047F8034687
:10853000002B02D0164B01221A607B68013B7B6046
:108540007B68002BF1D1134B00221A60104B1B6883
:10855000002B09D00123BB600F4B4FF080521A60F3
:10856000BFF34F8FBFF36F8FFEF7ACFABB681846AF
:108570001037BD4680BD00BFD45D0020AC5D00203B
:108580006C5D0020B45D0020DC580020D85800202D
:10859000C05D0020BC5D002004ED00E080B483B02D
:1085A00000AF054B1B687B607B6818460C37BD46E7
:1085B0005DF8047B704700BFB05D002080B586B0D9
:1085C00000AF00237B614F4B1B68002B40F08F8076
:1085D0004D4B1B6801333B614B4A3B6913603B6960
:1085E000002B20D1494B1B681B68002B0AD04FF091
:1085F000500383F31188BFF36F8FBFF34F8F3B603E
:1086000000BFFEE7414B1B68FB60414B1B683F4AC4
:1086100013603F4AFB6813603E4B1B6801333D4AC1
:10862000136000F0F7FA3C4B1B683A699A4249D351
:10863000364B1B681B68002B04D1374B4FF0FF32C1
:108640001A603FE0314B1B68DB68DB68BB60BB68CE
:108650005B687B603A697B689A4203D22E4A7B68EA
:1086600013602FE0BB6804331846FEF7A7F8BB6819
:108670009B6A002B04D0BB6818331846FEF79EF89F
:10868000BB68DA6A254B1B689A4203D9BB68DB6A70
:10869000224A1360BB68DA6A13469B0013449B00AE
:1086A0001F4A1A44BB68043319461046FEF729F8DE
:1086B000BB68DA6A1B4B1B68DB6A9A42B8D301239A
:1086C0007B61B5E7174B1B68DA6A154913469B00B7
:1086D00013449B000B441B68012B01D901237B61D0
:1086E000114B1B68002B07D001237B6104E00F4B6B
:1086F0001B6801330D4A13607B6918461837BD4665
:1087000080BD00BFD45D0020B05D0020645D00200E
:10871000685D0020C45D0020CC5D0020B45D0020B9
:10872000DC580020D8580020C05D0020BC5D00202F
:1087300080B584B000AF364B1B68002B03D0354B9F
:1087400001221A605FE0334B00221A60F7F7D1FE76
:108750000346314A1360304B1A68304B1B689A420B
:1087600009D92F4B1B68996D2B4A10682B4A126848
:10877000821A0A449A65284B1B68284A1360294BC1
:108780001B68FB6010E0FB68002B0AD14FF0500320
:1087900083F31188BFF36F8FBFF34F8F7B6000BFF0
:1087A000FEE7FB68013BFB601F49FA6813469B002C
:1087B00013449B000B441B68002BE4D0FA6813465B
:1087C0009B0013449B00184A1344BB60BB685B6862
:1087D0005A68BB685A60BB685A68BB6808339A42DB
:1087E00004D1BB685B685A68BB685A60BB685B6849
:1087F000DB680B4A13600B4AFB681360084B1B686D
:108800005C330A4A136000BF1037BD4680BD00BF0D
:10881000D45D0020C05D0020DC5D0020D85D00201C
:10882000D8580020B45D0020DC5800204000002013
:1088300080B584B000AF786039607B68002B0AD1C6
:108840004FF0500383F31188BFF36F8FBFF34F8F47
:10885000FB6000BFFEE7074B1B68183319467868BA
:10886000FDF773FF0121386800F08EFB00BF103761
:10887000BD4680BDD858002080B586B000AFF860F6
:10888000B9607A60FB68002B0AD14FF0500383F384
:108890001188BFF36F8FBFF34F8F7B6100BFFEE77F
:1088A0000A4B1B6818331946F868FDF72AFF7B68E6
:1088B000002B02D04FF0FF33BB607968B86800F03E
:1088C00063FB00BF1837BD4680BD00BFD8580020ED
:1088D00080B586B000AF78607B68DB68DB683B61A1
:1088E0003B69002B0AD14FF0500383F31188BFF38B
:1088F0006F8FBFF34F8FFB6000BFFEE73B691833FC
:108900001846FDF75BFF1E4B1B68002B1DD13B6912
:1089100004331846FDF752FF3B69DA6A194B1B68AE
:108920009A4203D93B69DB6A164A13603B69DA6AEB
:1089300013469B0013449B00134A1A443B690433BB
:1089400019461046FDF7DDFE05E03B691833194670
:108950000E48FDF7D6FE3B69DA6A0D4B1B68DB6AF1
:108960009A4205D901237B610A4B01221A6001E07A
:1089700000237B617B6918461837BD4680BD00BF68
:10898000D45D0020B45D0020DC5800206C5D002028
:10899000D8580020C05D002080B483B000AF78605C
:1089A000064B1A687B681A60054B1A687B685A6028
:1089B00000BF0C37BD465DF8047B7047C45D0020E6
:1089C000B05D002080B588B000AF786039607B680A
:1089D000002B0AD14FF0500383F31188BFF36F8F40
:1089E000BFF34F8F3B6100BFFEE73B68002B0AD10E
:1089F0004FF0500383F31188BFF36F8FBFF34F8F96
:108A0000FB6000BFFEE7FEF72DF81D4B1B68BB6146
:108A10007B685B68BA69D31A7B613B681B68B3F1FA
:108A2000FF3F02D10023FB6123E07B681A68154BEE
:108A30001B689A4207D07B685B68BA699A4202D386
:108A40000123FB6115E03B681B687A699A420BD2EF
:108A50003B681A687B69D21A3B681A607868FFF72E
:108A60009BFF0023FB6104E03B6800221A600123A6
:108A7000FB61FEF727F8FB6918462037BD4680BD2D
:108A8000B05D0020C45D002080B400AF034B012224
:108A90001A6000BFBD465DF8047B7047C05D0020D2
:108AA00080B582B000AF786000F052F8064B1B68CA
:108AB000012BF9D9054B4FF080521A60BFF34F8F4D
:108AC000BFF36F8FF0E700BFDC58002004ED00E03B
:108AD00080B582B000AF00237B600CE07A6813465B
:108AE0009B0013449B00124A13441846FDF7DCFD1B
:108AF0007B6801337B607B68372BEFD90D48FDF72E
:108B0000D3FD0D48FDF7D0FD0C48FDF7CDFD0C4819
:108B1000FDF7CAFD0B48FDF7C7FD0B4B054A1A6070
:108B20000A4B054A1A6000BF0837BD4680BD00BF2A
:108B3000DC5800203C5D0020505D00206C5D002072
:108B4000805D0020985D0020645D0020685D00204D
:108B500080B582B000AF19E0FDF784FF104BDB68F1
:108B6000DB687B607B6804331846FDF727FE0D4BFE
:108B70001B68013B0B4A13600B4B1B68013B0A4A05
:108B80001360FDF79FFF786800F010F8064B1B6834
:108B9000002BE1D100BF00BF0837BD4680BD00BF3C
:108BA000805D0020AC5D0020945D002080B584B025
:108BB00000AF78607B685C33184602F0EBF87B68A6
:108BC00093F8C130002B08D17B681B6B1846FEF769
:108BD00037F97868FEF734F918E07B6893F8C1300C
:108BE000012B03D17868FEF72BF90FE07B6893F82F
:108BF000C130022B0AD04FF0500383F31188BFF32A
:108C00006F8FBFF34F8FFB6000BFFEE700BF1037D1
:108C1000BD4680BD80B483B000AF0C4B1B681B68A1
:108C2000002B04D10A4B4FF0FF321A6008E0074BCB
:108C30001B68DB68DB687B607B685B68044A1360E9
:108C400000BF0C37BD465DF8047B7047645D0020B3
:108C5000CC5D002080B483B000AF054B1B687B6007
:108C60007B6818460C37BD465DF8047B704700BF33
:108C7000D858002080B483B000AF0B4B1B68002B8A
:108C800002D101237B6008E0084B1B68002B02D156
:108C900002237B6001E000237B607B6818460C3771
:108CA000BD465DF8047B7047B85D0020D45D0020B0
:108CB00080B584B000AF78607B68BB600023FB6048
:108CC0007B68002B51D0BB68DA6A2A4B1B68DB6AD1
:108CD0009A4241D2BB689B69002B06DB254B1B687F
:108CE000DB6AC3F13802BB689A61BB685969BB682B
:108CF000DA6A13469B0013449B001F4A13449942AF
:108D000022D1BB6804331846FDF758FD194B1B6888
:108D1000DA6ABB68DA62BB68DA6A184B1B689A4287
:108D200003D9BB68DB6A154A1360BB68DA6A13466D
:108D30009B0013449B00104A1A44BB680433194635
:108D40001046FDF7DEFC04E00A4B1B68DA6ABB68DC
:108D5000DA620123FB6008E0BB681A6D054B1B68F3
:108D6000DB6A9A4201D20123FB60FB681846103788
:108D7000BD4680BDD8580020DC580020B45D0020DE
:108D800080B586B000AF78607B683B6100237B6173
:108D90007B68002B56D02E4B1B683A699A420AD04A
:108DA0004FF0500383F31188BFF36F8FBFF34F8FE2
:108DB000FB6000BFFEE73B695B6D002B0AD14FF003
:108DC000500383F31188BFF36F8FBFF34F8FBB60E6
:108DD00000BFFEE73B695B6D5A1E3B695A653B6904
:108DE000DA6A3B691B6D9A422CD03B695B6D002BA4
:108DF00028D13B6904331846FDF7E0FC3B691A6D46
:108E00003B69DA623B69DB6AC3F138023B699A610C
:108E10003B69DA6A0F4B1B689A4203D93B69DB6AEC
:108E20000C4A13603B69DA6A13469B0013449B00AB
:108E3000094A1A443B69043319461046FDF761FCA0
:108E400001237B617B6918461837BD4680BD00BF92
:108E5000D8580020B45D0020DC58002080B588B0D0
:108E600000AF786039607B68BB6101237B617B6800
:108E7000002B6AD0BB695B6D002B0AD14FF0500309
:108E800083F31188BFF36F8FBFF34F8FFB6000BF79
:108E9000FEE7BB691B6D3A689A4202D93B68FB61E9
:108EA00002E0BB691B6DFB61BB69DB6AFA699A4230
:108EB0004BD0BB695B6D7A699A4246D1254B1B68E2
:108EC000BA699A420AD14FF0500383F31188BFF375
:108ED0006F8FBFF34F8FBB6000BFFEE7BB69DB6ADC
:108EE0003B61BB69FA69DA62BB699B69002B04DBF1
:108EF000FB69C3F13802BB699A61BB6959693A6978
:108F000013469B0013449B00134A134499421CD1FF
:108F1000BB6904331846FDF751FCBB69DA6A0F4B95
:108F20001B689A4203D9BB69DB6A0C4A1360BB69B0
:108F3000DA6A13469B0013449B00074A1A44BB6934
:108F4000043319461046FDF7DCFB00BF2037BD4651
:108F500080BD00BFD8580020DC580020B45D002040
:108F600080B400AF074B1B68002B04D0054B1B6877
:108F70005A6D01325A65034B1B681846BD465DF8B1
:108F8000047B7047D858002080B584B000AF78606B
:108F90003960214B1B68FB60204B1B68043318466B
:108FA000FDF70CFC7B68B3F1FF3F0AD13B68002B57
:108FB00007D01A4B1B68043319461948FDF7A1FB6B
:108FC00026E0FA687B681344BB60144B1B68BA68E0
:108FD0005A60BA68FB689A4209D2124B1A680F4B62
:108FE0001B68043319461046FDF7AFFB10E00E4B2B
:108FF0001A680A4B1B68043319461046FDF7A5FB97
:109000000A4B1B68BA689A4202D2084ABB681360CE
:1090100000BF1037BD4680BDB05D0020D85800208D
:10902000985D0020685D0020645D0020CC5D00201C
:1090300080B58AB004AF00237B6100F007FB1C4BB6
:109040001B68002B21D00023FB600023BB603A1D6E
:1090500007F1080107F10C031846FDF70BFB7968CF
:10906000BB68FA68029201930623009300230A4624
:1090700010491148FEF782FF0346104A13600F4B58
:109080001B68002B01D001237B617B69002B0AD177
:109090004FF0500383F31188BFF36F8FBFF34F8FEF
:1090A0003B6100BFFEE77B6918461837BD4680BDAF
:1090B000105E002034AF0008F5910008145E002017
:1090C00080B58AB000AFF860B9607A603B60002379
:1090D0007B62FB68002B0AD14FF0500383F31188A9
:1090E000BFF36F8FBFF34F8F3B6200BFFEE71A4B9A
:1090F0001B68002B2AD0BB683B617B687B61FB68E7
:10910000BB61BB68052B18DCFFF7B4FD0346022BDF
:1091100009D1114B186807F1100100233A6BFEF7D3
:10912000A1F9786212E00C4B186807F110010023D6
:109130000022FEF797F9786208E0074B186807F1FC
:10914000100100233A68FEF78BFA78627B6A1846B2
:109150002837BD4680BD00BF105E002080B588B0B6
:1091600002AF78603960224B1B68DB68DB687B618B
:109170007B6904331846FDF721FB7B6993F828309F
:1091800003F00403002B22D07B699A697B68D11815
:109190007B683A68786900F0D1F80346002B1FD04D
:1091A0000023009300237A6800217869FFF788FF85
:1091B00038613B69002B13D14FF0500383F31188C2
:1091C000BFF36F8FBFF34F8FFB6000BFFEE77B697C
:1091D00093F8283023F00103DAB27B6983F8282062
:1091E0007B691B6A7869984700BF1837BD4680BD08
:1091F000085E002080B584B000AF786007F10803F6
:10920000184600F057F8F860BB681946F86800F097
:1092100003F800F0D5F8F1E780B584B000AF7860CE
:109220003960FFF70FF907F10803184600F066F8F8
:10923000F860BB68002B30D13B68002B0AD17A68FC
:10924000FB689A4206D8FFF70BF9F9687868FFF7D0
:1092500085FF24E03B68002B08D0134B1B681B687C
:10926000002B01D1012300E000233B600F4B186865
:109270007A68FB68D31A3A681946FEF74BFEFFF787
:10928000EFF80346002B0AD1094B4FF080521A60C9
:10929000BFF34F8FBFF36F8F01E0FFF7E1F800BF1F
:1092A0001037BD4680BD00BF0C5E0020105E002060
:1092B00004ED00E080B485B000AF78600E4B1B6811
:1092C0001B68002B01D1012200E000227B681A609C
:1092D0007B681B68002B05D1074B1B68DB681B688C
:1092E000FB6001E00023FB60FB6818461437BD46B5
:1092F0005DF8047B704700BF085E002080B584B035
:1093000000AF7860FFF74AF9F8600B4B1B68FA680A
:109310009A4205D200F036F97B6801221A6002E019
:109320007B6800221A60044AFB681360FB681846D9
:109330001037BD4680BD00BF185E002080B586B0E6
:1093400000AFF860B9607A603B6000237B61FB6826
:10935000BA685A60FB68FA681A61BA687B689A4210
:1093600012D87A683B68D21AFB689B699A4202D38A
:1093700001237B611BE0104B1A68FB68043319461C
:109380001046FDF7E2F912E07A683B689A4206D28D
:10939000BA683B689A4202D301237B6107E0074B1E
:1093A0001A68FB68043319461046FDF7CEF97B694D
:1093B00018461837BD4680BD0C5E0020085E0020B0
:1093C00080B58EB002AFCAE07B68002B18DA3B1D77
:1093D0000433FB62FB6A002B0AD14FF0500383F386
:1093E0001188BFF36F8FBFF34F8FFB6100BFFEE7A4
:1093F000FB6A1B68FA6A5068FA6A926811469847D5
:109400007B68002BC0F2AA80FB68BB62BB6A5B6909
:10941000002B04D0BB6A04331846FDF7CFF93B4656
:109420001846FFF76BFF78627B68092B00F2978084
:1094300001A252F823F000BF619400086194000873
:1094400061940008D5940008E99400083395000859
:109450006194000861940008D5940008E99400081C
:10946000BB6A93F8283043F00103DAB2BB6A83F891
:109470002820BA68BB6A9B69D118BB687A6AB86A47
:10948000FFF75CFF0346002B69D0BB6A1B6AB86A12
:109490009847BB6A93F8283003F00403002B5ED092
:1094A000BA68BB6A9B691A44002300930023002119
:1094B000B86AFFF705FE38623B6A002B4FD14FF0C8
:1094C000500383F31188BFF36F8FBFF34F8FBB61DE
:1094D00000BFFEE7BB6A93F8283023F00103DAB23D
:1094E000BB6A83F828203AE0BB6A93F8283043F03F
:1094F0000103DAB2BB6A83F82820BA68BB6A9A61B2
:10950000BB6A9B69002B0AD14FF0500383F311888B
:10951000BFF36F8FBFF34F8F7B6100BFFEE7BB6A66
:109520009A697B6AD1187B6A7A6AB86AFFF706FF84
:1095300015E0BB6A93F8283003F00203002B03D137
:10954000B86AFDF77DFC0AE0BB6A93F8283023F087
:109550000103DAB2BB6A83F8282000E000BF084BA1
:109560001B68391D00221846FEF716F90346002B2A
:109570007FF42AAF00BF00BF3037BD4680BD00BFBB
:10958000105E002080B588B002AF48E02D4B1B680C
:10959000DB681B683B612B4B1B68DB68DB68FB608F
:1095A000FB6804331846FDF709F9FB681B6AF86885
:1095B0009847FB6893F8283003F00403002B2ED063
:1095C000FB689B693A691344BB60BA683B699A427D
:1095D0000ED9FB68BA685A60FB68FA681A61194BC1
:1095E0001A68FB68043319461046FDF7AEF816E01A
:1095F0000023009300233A690021F868FFF760FD1B
:1096000078607B68002B0AD14FF0500383F31188F8
:10961000BFF36F8FBFF34F8F3B6000BFFEE7094B77
:109620001B681B68002BB1D1064B1B687B61064B86
:109630001B68044A1360044A7B69136000BF183733
:10964000BD4680BD085E00200C5E002080B582B063
:1096500002AFFDF707FA154B1B68002B20D1144809
:10966000FDF722F81348FDF71FF8134B104A1A6054
:10967000124B104A1A6000230093114B114A10211B
:109680000A20FDF763FD0346084A1360074B1B6879
:10969000002B05D0054B1B680B491846FEF710FC44
:1096A000FDF710FA00BFBD4680BD00BF105E002070
:1096B000E05D0020F45D0020085E00200C5E0020CC
:1096C000BC5E00201C5E00203CAF000880B485B06A
:1096D00000AF78607B68FB60284B1A687B68B3FB3F
:1096E000F2F101FB02F29B1ABB60244B9B685A0803
:1096F000FB689A4209D2FA68204B9B68D31AFB6038
:10970000BA681E4B1B68D31ABB60FB681BB25B4276
:109710001A461A4B1B68B2FBF3F31AB2174B9A8224
:10972000FB6807EE903AF8EEE77A9FED157A67EE60
:10973000876A124B5B6807EE903AB8EE677AC6EE1E
:10974000877A0E4BC3ED037ABB6807EE903AF8EECA
:10975000E77A9FED0B7A67EE876A084B1B6807EE86
:10976000903AB8EE677AC6EE877A044BC3ED047A76
:1097700000BF1437BD465DF8047B70471000002021
:109780000000B4C380B586B002AF0023BB730023D2
:109790007B7300233B730023FB730223FB724FF0A8
:1097A00000037B6000233B6007F10B030122009262
:1097B00000220821082000F0DDFD3B1D042200925C
:1097C00003220021082000F0D5FD3B460422009230
:1097D00002221121522000F0CDFD07F10E030122DB
:1097E000009200220521082000F0C4FD07F10D03BE
:1097F0000122009200220621082000F0BBFD07F1A3
:109800000C030122009200220721082000F0B2FD83
:1098100000F040F93B681846FFF758FF002000F0C1
:10982000F9FBBB7B002B0AD0002204211E48F9F76C
:10983000BDFA002000F0DEF90023FB7330E07B7BF3
:10984000002B22D0FB7B002B0AD1012201214FF0FB
:109850009040F9F7ABFA002000F05CF90123FB73AC
:109860003B7B002B07D0D7ED017AB0EE670A0020D2
:1098700000F094FA03E0FB7A184600F00FFA012298
:1098800004210948F9F792FA0AE0002201214FF079
:109890009040F9F78BFA002000F07AF90023FB736F
:1098A0000A20FCF773FCB5E70008004880B582B0D9
:1098B00000AF0023FB710023BB7100237B714FF4C9
:1098C00080512248F9F75AFA0346FB7102212048D9
:1098D000F9F754FA0346BB714FF400711C48F9F7CD
:1098E0004DFA03467B71FB79002B02D1BB79002B2B
:1098F0000DD0012208211548F9F758FA0021062059
:1099000000F024FF0021002000F020FF04E00022EE
:1099100008210E48F9F74AFA7B79002B0DD0012275
:1099200004210A48F9F742FA0021072000F00EFF4F
:109930000021002000F00AFF04E000220421034877
:10994000F9F734FA0A20FCF721FCB8E700080048D0
:109950000004004880B588B002AF78600023FB7235
:1099600007F10B030122009200220821032000F0DE
:1099700001FDFB7A012B30D107233B7301237B735D
:1099800007F10C0202230721082000F061FC00F01F
:10999000F1F9786100233B7300237B737B691B0A19
:1099A000DBB2BB737B691B0CDBB2FB737B691B0EE9
:1099B000DBB23B7407F10C0205230021082000F004
:1099C00047FC08233B7303237B7307F10C0202233C
:1099D0000821032000F03CFC18E0FB7A002B15D195
:1099E00007233B7300237B7307F10C02022307213B
:1099F000082000F02DFC08233B7303237B7307F141
:109A00000C0202230821032000F022FC0A20FCF7AC
:109A1000BDFBAEE780B500AF044A00210448FCF767
:109A200023FB0346034A136000BF80BD6CB00008EF
:109A3000859700080C5F002080B500AF044A002124
:109A40000448FCF711FB0346034A136000BF80BDC6
:109A500090B00008AD980008105F002080B500AFFE
:109A6000044A00210448FCF7FFFA0346034A136046
:109A700000BF80BDB4B0000855990008145F0020F5
:109A800080B500AFFFF7C6FFFFF7E8FFFFF7D4FF91
:109A900000BF80BD80B500AF1A4B00221A70194B71
:109AA00000225A70174B0222DA7040F2262307EE8A
:109AB000903AF8EEE77AB7EE087A67EE877A114BBC
:109AC000C3ED017A4FF4C87307EE903AF8EEE77AE7
:109AD000B7EE087A67EE877A0A4BC3ED027A094B34
:109AE0004FF00002DA60074B074A5A61074B1B68C8
:109AF00040F6C4125A63012204210548F9F756F9C9
:109B000000BF80BD305F0020000020419801002090
:109B1000000C004880B582B000AF0346FB71FB79B2
:109B2000002B02D0012B14D027E000224FF48061DB
:109B30001448F9F73BF9144B01221A700122022153
:109B40001048F9F733F9002201210E48F9F72EF9F0
:109B500013E000224FF480610A48F9F727F90B4B14
:109B600001221A70012202210648F9F71FF900228A
:109B700001210448F9F71AF900BF00BF0837BD46B4
:109B800080BD00BF00080048305F0020185F002043
:109B900080B582B000AF0346FB71FB79002B02D089
:109BA000012B0DD01AE000210E48FAF7EFFD0E4B05
:109BB00000225A70012201210C48F9F7F7F80DE054
:109BC00000210848FAF7E2FD094B00225A700122F1
:109BD0004FF400610548F9F7E9F800BF00BF083706
:109BE000BD4680BD98010020305F0020000800487D
:109BF000185F002080B582B000AF0346FB71FB798F
:109C0000002B02D0012B1ED03BE001224FF48061DB
:109C10001E48F9F7CBF800211D48FAF7B7FD1D4B98
:109C200000221A701B4B0222DA701A4B00225A7063
:109C3000012202211548F9F7B9F800220121134841
:109C4000F9F7B4F81DE001224FF480610F48F9F7ED
:109C5000ADF800210E48FAF799FD0F4B00221A705B
:109C60000D4B0222DA700C4B00225A7001220221A5
:109C70000648F9F79BF8002201210448F9F796F805
:109C800000BF00BF0837BD4680BD00BF00080048C8
:109C900098010020305F0020185F002080B582B05E
:109CA00000AF0346FB712F4B1B78DBB2002B52D069
:109CB000FB79022B4BD02B4BDB78DBB2FA799A4243
:109CC00006D0FB791A464FF400612748F9F76EF881
:109CD000244BD3ED037AB0EEE77A224BD3ED017A31
:109CE000B4EEE77AF1EE10FA0FD51E4B5B78DBB2DB
:109CF000002B06D100211D48FAF76AFC194B0122FE
:109D00005A70184AFB79D37028E0164BDB78DAB228
:109D1000174B1A70164B1B78FA799A4213D0FB79BD
:109D20001A464FF400611048F9F740F80D4B5B7884
:109D3000DBB2002B12D100210C48FAF749FC094B89
:109D400001225A700AE00020FFF722FF06E00020FF
:109D5000FFF71EFF02E00020FFF74CFF00BF0837AF
:109D6000BD4680BD305F00200008004898010020FB
:109D7000485F002080B582B000AF00237B60064BB7
:109D8000D3ED037AB0EE670A00F092FE78607B684C
:109D900018460837BD4680BD305F002080B584B0CE
:109DA00000AF034687ED000AFB710223FB734FF0FF
:109DB0000003BB60FB79002B02D0012B4ED085E065
:109DC000D7ED007AF5EEC07AF1EE10FA0CDBD7EDA4
:109DD000007AB1EE677A3F4BD3ED017A67EE277ACE
:109DE0003C4BC3ED047A0BE0D7ED007AB1EE677A15
:109DF000384BD3ED027A67EE277A364BC3ED047AFF
:109E0000344B93ED047A334BD3ED037A77EE677AD4
:109E1000C7ED027AD7ED027AB0EEE77A2D4BD3ED9B
:109E2000057AB4EEE77AF1EE10FA01D502230DE0DF
:109E3000D7ED027AF5EEC07AF1EE10FACCBF01232D
:109E40000023DBB283F00103DBB2DBB2FB73FB7BED
:109E500097ED020A184600F041F837E01E4B93EDEB
:109E6000017AD7ED007A67EE277A1B4BC3ED047AAF
:109E7000194B93ED047A184BD3ED037A77EE677A9A
:109E8000C7ED027AD7ED027AB0EEE77A124BD3ED46
:109E9000057AB4EEE77AF1EE10FA01D502230DE06F
:109EA000D7ED027AF5EEC07AF1EE10FACCBF0123BD
:109EB0000023DBB283F00103DBB2DBB2FB73FB7B7D
:109EC00097ED020A184600F057F800BF00BF1037A0
:109ED000BD4680BD305F0020185F002080B582B095
:109EE00000AF034687ED000AFB71204B1B78DBB205
:109EF000002B33D0FB79022B2CD01C4BDB78DBB250
:109F0000FA799A4209D0194AFB79D370FB791A463B
:109F10004FF400611648F8F749FFD7ED007AB0EE2C
:109F2000E77A124BD3ED057AB4EEE77AF1EE10FA48
:109F30000CDD0E4B5B78DBB2002B12D100210D48FB
:109F4000FAF746FB094B01225A700AE00020FFF79E
:109F50001FFE06E00020FFF71BFE02E00020FFF7D7
:109F600049FE00BF0837BD4680BD00BF305F0020FE
:109F7000000800489801002080B582B000AF034679
:109F800087ED000AFB71204B1B78DBB2002B33D02E
:109F9000FB79022B2CD01C4BDB78DBB2FA799A428E
:109FA00009D0194AFB79D370FB791A464FF4006146
:109FB0001648F8F7FBFED7ED007AB0EEE77A124BC1
:109FC000D3ED057AB4EEE77AF1EE10FA0CDD0E4B24
:109FD0005B78DBB2002B12D100210D48FAF7F8FABA
:109FE000094B01225A700AE00120FFF7D1FD06E07B
:109FF0000120FFF7CDFD02E00120FFF7FBFD00BFD0
:10A000000837BD4680BD00BF185F0020000400482F
:10A010009801002080B483B000AF0346FB71FB7948
:10A02000002B02D0012B0DD01EE0124BD3ED037A92
:10A03000F1EE677AB7EE087A67EE877A0E4BC3EDDA
:10A04000037A11E00D4B93ED037A00220023B2FB5B
:10A05000F3F39BB207EE903AF8EEE77A67EE277AD1
:10A06000074BC3ED037A00BF00BF0C37BD465DF858
:10A07000047B704710000020305F00202800002083
:10A08000185F002080B582B000AF0023FB71064B43
:10A090001B681A68044B1B6842F040021A600A20D1
:10A0A000FCF774F8F3E700BFEC60002080B500AF68
:10A0B000044A00210448FBF7D7FF0346034A136014
:10A0C00000BF80BDD8B0000885A000084C5F00200C
:10A0D00080B500AFFFF7EAFF00BF80BD80B400AFDE
:10A0E000FEE7000080B500AF4FF4C07200211048B9
:10A0F00000F0EEFD0F4B00221A6000220C214020E0
:10A10000FCF76DF903460C4A13600C4A00210C4819
:10A11000FBF7AAFF03460B4A13600B4A00210B48CA
:10A12000FBF7A2FF03460A4A136000BF80BD00BFD1
:10A13000505F0020D0600020D4600020FCB00008F8
:10A140004DA40008D860002020B1000839A50008FF
:10A15000DC60002080B483B000AF03460A46FB7188
:10A160001346BB71FB79032B26D801A252F823F0CA
:10A1700081A100088FA100089DA10008ABA10008E3
:10A18000BB79012B0CBF01230023DBB215E0BB79A7
:10A19000022B0CBF01230023DBB20EE0BB79042BA2
:10A1A0000CBF01230023DBB207E0BB79042B0CBFFB
:10A1B00001230023DBB200E0002318460C37BD4624
:10A1C0005DF8047B704700BF80B584B000AFB96014
:10A1D0007A601A460346FB731346BB73FB7B032B63
:10A1E00032D801A252F823F0F9A100080DA200080C
:10A1F00021A2000833A20008BB7B1946786800F052
:10A2000065FB03461A46BB681A701DE0BB7B194606
:10A21000786800F091FB03461A46BB681A8013E089
:10A22000BB7B1946786800F09DFB0246BB681A604C
:10A230000AE0BB7B1946786800F05CFBF0EE407AE0
:10A24000BB68C3ED007A00BF00BF1037BD4680BDBC
:10A2500080B58EB000AFBA607B600346FB730B46DF
:10A26000BB7300237B6376E040497A6B13465B0047
:10A2700013449B000B441B78FF2B0AD03B497A6B9D
:10A2800013465B0013449B000B441B78FA7B9A42F5
:10A290005ED136497A6B13465B0013449B000B4436
:10A2A00001331B78BA7B9A4252D130497A6B1346FC
:10A2B0005B0013449B000B4408331B785A1C7B68DB
:10A2C0009A4201D0FFF70AFF28497A6B13465B00D8
:10A2D00013449B000B440A3318787B68DBB207F108
:10A2E0001401BA68FFF770FF20497A6B13465B00D0
:10A2F00013449B000B4409331B78002B10D01B49DF
:10A300007A6B13465B0013449B000B4404331B68B9
:10A31000186807F1140101230122FCF7D3F817E0B4
:10A3200012497A6B13465B0013449B000B440433C1
:10A3300018680E497A6B13465B0013449B000B446C
:10A3400008331B781A4607F11403194600F0B2FCD3
:10A350007B6B01337B63064B1B687A6B9A4283D31A
:10A3600000BF00BF3837BD4680BD00BF505F002032
:10A37000D060002080B582B000AF3B600346FB7127
:10A380000B46BB7113467B712E4B1B68202B01D1F2
:10A39000FFF7A4FE3A7C7B7911461846FFF7DAFEF8
:10A3A000034683F00103DBB2002B01D0FFF796FEDA
:10A3B000244B1A68244913465B0013449B000B444A
:10A3C000FA791A701F4B1A681F4913465B00134431
:10A3D0009B000B440133BA791A701A4B1A681A4958
:10A3E00013465B0013449B000B4404333A681A6025
:10A3F000144B1A68144913465B0013449B000B442A
:10A4000008333A7C1A700F4B1A680F4913465B00E9
:10A4100013449B000B44093300221A70094B1A683D
:10A42000094913465B0013449B000B440A337A79B5
:10A430001A70044B1B680133024A136000BF0837CF
:10A44000BD4680BDD0600020505F002080B58EB03A
:10A4500000AF364B1B680A211846FBF738FF55E062
:10A460003B1D07F10C0200213148F8F7CBF80346F9
:10A4700087F8373097F83730002B47D1FB69002B2E
:10A4800000D143E0FB68B3F5D07F18D1112387F8E2
:10A490002930522387F82830002387F82A3007F123
:10A4A000280303330133FA69391D184600F002FC12
:10A4B000FB69DBB20133DBB287F833301DE03B7957
:10A4C00087F82930FB68DBB203F03F03DBB287F883
:10A4D0002830FB689B09DBB203F00303DBB287F88B
:10A4E0002A30FA69391D07F128030333184600F0B2
:10A4F000E1FBFB69DBB287F833300E4B186897F845
:10A500002A2007F128010A23FBF7DCFF0021084875
:10A51000F8F78AF90346002BA2D1044B1B681846B2
:10A52000FBF720FF0A20FBF731FE92E718610020BD
:10A53000EC600020D460002090B585B000AF0B4BDC
:10A540001868FA1C391D0A23FCF71CF80346002B77
:10A5500008D138797979FB7B1C463B1DDA1C2346F0
:10A56000FFF776FE0A20FBF711FEE8E7D460002033
:10A5700080B500AF002209214FF48070FBF72FFF58
:10A580000346094A1360084B1B68002B01D1FFF7F3
:10A59000A5FD064A00210648FBF766FD0346054A6D
:10A5A000136000BF80BD00BFE060002044B1000820
:10A5B00049A60008E460002080B58CB000AF0023FD
:10A5C000BB611D4B1B683B610023FB6125E03B7AAF
:10A5D0003B621A4B1B680A211846FBF778FE1848A5
:10A5E000F7F7DBFFF86207F10C033A4607F11001B9
:10A5F0001348F7F702FF034687F82B3097F82B3004
:10A60000002B02D03B6A01333B620C4B1B6818469F
:10A61000FBF7A8FE0A20FBF7B9FD0A4B186839467C
:10A6200064230022FBF7AEFF0346002BCFD000BF10
:10A6300000BF3037BD4680BD146100201861002086
:10A64000EC600020E060002080B584B000AF78604E
:10A65000FFF7B2FF0520FBF799FDF9E780B586B05B
:10A6600000AF78600B46FB70FB78082B01D9FFF731
:10A6700035FDFB783B74FA7807F1080379681846D2
:10A6800000F018FB094B186807F108010A230022A3
:10A69000FBF718FF78617B69002B02D0FB78013350
:10A6A000FB7000BF1837BD4680BD00BFE0600020D2
:10A6B00080B588B000AF78607868F5F70BFF7861F7
:10A6C000FBF738FC0246204B1B68D31A092B02D833
:10A6D0004FF0FF3334E00023FB610023BB6125E032
:10A6E0007A69FB69D31A062B02D90723BB6103E001
:10A6F0007A69FB69D31ABB61FA233B7307F10C0338
:10A7000001337968FA691144BA69184600F09EFB72
:10A71000BB69DBB20133DAB207F10C03114618460C
:10A72000FFF79CFFFA69BB691344FB61FA697B6917
:10A730009A42D5D1FBF7FEFB0346034A1360002380
:10A7400018462037BD4680BDE860002080B584B043
:10A7500000AF03460A46FB711346BB7107F10C02BA
:10A76000B979F879022300F093F807F10C0302217C
:10A770001846FFF773FF00BF1037BD4680BD0000CD
:10A7800084B0B0B58CB000AF07F1400484E80F008E
:10A790002F4B1D4607F140040FCC0FC50FCC0FC542
:10A7A00094E8030085E803000323BB610023FB61F9
:10A7B00001233B6200237B6101237B6200237B60DA
:10A7C0000023BB600023FB6000233B610E23BB62C0
:10A7D0003B1D194607F14000F7F701FD034687F8D6
:10A7E0002F3097F82F30002B01D0FFF777FC022194
:10A7F00007F14000F8F740F8034687F82F3097F844
:10A800002F30002B01D0FFF769FC07F14000F7F76C
:10A81000B0FD034687F82F3097F82F30002B01D07A
:10A82000FFF75CFC97F868301BB243F480631BB2FF
:10A830009AB2084B1A800020FBF7C3FC0346064A75
:10A84000136000BF3037BD46BDE8B04004B070476C
:10A85000EC600020146100201861002080B483B0F7
:10A8600000AF78607B681BBA18460C37BD465DF8B0
:10A87000047B704780B483B000AF0346FB80FB8845
:10A880005BBA9BB218460C37BD465DF8047B704737
:10A8900080B483B000AF3A601A460346FB710B46A2
:10A8A000BB7113467B717B79012B01D8002307E034
:10A8B0003B68FA791A703B680133BA791A7002233F
:10A8C00018460C37BD465DF8047B704780B483B0F2
:10A8D00000AF78600B46FB70FB78012B01D800239A
:10A8E00002E07B6801331B7818460C37BD465DF8E3
:10A8F000047B704780B582B000AF78600B46FB7078
:10A900007B68002B02D0FB78042B02D8DFED097A9C
:10A910000BE07B680133184600F0A3F803461846A5
:10A9200000F04CF8F0EE407A00BFB0EE670A08374E
:10A93000BD4680BD0000C07F80B582B000AF7860AA
:10A940000B46FB70FB78022B01D8002306E07B68E6
:10A950000133184600F06CF8034600BF184608376C
:10A96000BD4680BD80B582B000AF78600B46FB70FD
:10A970007B68002B02D0FB78042B01D8002306E073
:10A980007B680133184600F06CF8034600BF184698
:10A990000837BD4680BD80B582B000AF87ED010AA3
:10A9A0003860386897ED010A00F0B2F8F0EE407AAE
:10A9B000B0EE670A0837BD4680BD000080B586B09E
:10A9C00000AF78607B68DB0FFB757B68DB0DBB75C8
:10A9D0007B68C3F316033B613B6907EE903AB8EE20
:10A9E000677ADFED126AC7EE267AB7EE007A77EE65
:10A9F000877ABB7D7F3B1846B0EE670AFFF7CBFF37
:10AA000087ED030AFB7D002B04D0D7ED037AF1EE2E
:10AA1000677A01E0D7ED037AC7ED037AFB6807EEAA
:10AA2000903AB0EE670A1837BD4680BDFEFFFF4A78
:10AA300080B584B000AF78607B681B789BB21B0246
:10AA4000FB817B6801331B789AB2FB891343FB813E
:10AA5000FB891846FFF70EFF034618461037BD4620
:10AA600080BD80B584B000AF78607B681B781B0622
:10AA7000FB607B6801331B781B041A46FB68134399
:10AA8000FB607B6802331B781B021A46FB6813438A
:10AA9000FB607B6803331B781A46FB681343FB603B
:10AAA000F868FFF7DBFE034618461037BD4680BD49
:10AAB00080B489B000AF87ED010A0023FB613B1D24
:10AAC000BB61BB691B687B617B69DB0F3B617B6999
:10AAD000DB0DDBB2FB607B69C3F31603BB603B6934
:10AAE000DB071A46FB691343FB61FB68DB051A466B
:10AAF000FB691343FB61BB68C3F31603FA69134395
:10AB0000FB61FB6918462437BD465DF8047B70473E
:10AB100010B52DED028B0446B0EE408A00F090F89F
:10AB2000B8B1B5EE408AF1EE10FA12D0B0EE480A94
:10AB3000204600F013F8B0EE408A00F081F820B112
:10AB4000B5EE408AF1EE10FA03D100F087F8222327
:10AB50000360B0EE480ABDEC028B10BD10EE103A57
:10AB600033F0004225D0B2F1FF4F02D330EE000A9D
:10AB7000704713F0FF4F22D12A4BDFED2B7A98421A
:10AB800020EE270A16DB10EE103AC3F3C752193A2B
:10AB90000244FE2A15DD10EE103ADFED247ADFEDD7
:10ABA000246A002BB0EE677AB8BFF0EE667A27EE23
:10ABB000270A7047DFED1F7A20EE270A7047D20D73
:10ABC000E6E7002A06DD23F0FF4343EAC25300EE26
:10ABD000103A704712F1160F1ADA4CF250339842BD
:10ABE00010EE103A03F000430ADD9FED100A9FEDCE
:10ABF000107AF0EE407A002B18BFB0EE470ADBE780
:10AC00009FED0C0A9FED0C7AF0EE407A002BF3E7F3
:10AC1000193223F0FF4343EAC253DFED087A07EE0F
:10AC2000103AC4E7B03CFFFF0000004CCAF2497183
:10AC3000CAF249F16042A20D6042A28D00000033C9
:10AC400082B08DED010A019820F00040B0F1FF4F75
:10AC5000ACBF0020012002B070470000014B186813
:10AC6000704700BF4000002070B50D4D0D4C641BB7
:10AC7000A4100026A64209D10B4D0C4C00F006F999
:10AC8000641BA4100026A64205D170BD55F8043BF4
:10AC900098470136EEE755F8043B98470136F2E74E
:10ACA000D0B10008D0B10008D0B10008D4B100087C
:10ACB000704770470A44914200F1FF3300D170475A
:10ACC00010B511F8014B03F8014F9142F9D110BDB5
:10ACD00002440346934200D1704703F8011BF9E791
:10ACE00037B5002944D051F8043C0190002BA1F164
:10ACF0000404B8BFE41800F0BDF81E4A01981368B8
:10AD000033B96360146003B0BDE8304000F0B8B8F8
:10AD1000A34208D9256861198B4201BF19685B6895
:10AD200049192160EDE71A465B680BB1A342FAD9D5
:10AD300011685518A5420BD1246821445418A34228
:10AD40001160E0D11C685B68536021441160DAE750
:10AD500002D90C230360D6E7256861198B4204BF32
:10AD600019685B68636004BF491921605460CAE7D1
:10AD700003B030BD2061002038B50C460968054697
:10AD800009B1FFF7F9FF21462846BDE83840FFF733
:10AD9000A7BF00002C4B1B68834270B5044651D0FE
:10ADA000436A43B1DB68002B4AD1636A196811B169
:10ADB0002046FFF795FF616911B12046FFF790FF2C
:10ADC000616A11B12046FFF78BFFA16B11B12046DC
:10ADD000FFF786FFE16B11B12046FFF781FF216C81
:10ADE00011B12046FFF77CFFE16D11B12046FFF75E
:10ADF00077FFA16D11B12046FFF772FF616B11B1B2
:10AE00002046FFF76DFFA369E3B1A36A2046984788
:10AE1000A16CB9B12046BDE87040FFF7ADBF4959FC
:10AE200041B90435636A802DD968F8D12046FFF70F
:10AE300057FFBAE70E682046FFF752FF3146EFE7AB
:10AE40000025EFE770BD00BF4000002010B50139BC
:10AE5000034632B111F8014F03F8014B013A002CBF
:10AE6000F7D11A440021934200D110BD03F8011B11
:10AE7000F9E700000148FFF71BBF00BF1C6100207D
:10AE80000148FFF716BF00BF1C610020F8B500BFE6
:10AE9000F8BC08BC9E467047F8B500BFF8BC08BCBB
:04AEA0009E46704713
:10AEA400656D657267656E637973746F7000000019
:10AEB40063616E6C69625F68620000006472697647
:10AEC400656D6F6465000000647269766572707206
:10AED4006573656E74000000726573657276650053
:10AEE4006672656E6F6D616E75616C006472697611
:10AEF40065726661756C740048656C6C6F00000067
:10AF040049444C45000000000925630925750925BD
:10AF1400750925750D0A000009257509092575258A
:10AF2400250D0A0009257509093C3125250D0A005E
:10AF3400546D722053766300546D7251000000000A
:10AF44007374656572696E67000000006272616BFC
:10AF5400696E67006770696F735F6D6F6E69746F98
:10AF640072696E670000000078626F78000000006C
:10AF740076616E747465635F63616E6C69625F634E
:10AF8400616E72657365740063616E6C69625F7291
:10AF94007800000063616E6C69625F717565756548
:10AFA4005F72780063616E6C69625F7478000000A0
:10AFB40037000000A4AE00080000000000000000FC
:10AFC400000000000000000000020000000000007B
:10AFD4000000000000000000B4AE00080000000003
:10AFE40000000000000000000000000080000000DD
:10AFF400000000000000000000000000C0AE0008D7
:10B00400000000000000000000000000000000003C
:10B01400000200000000000000000000000000002A
:10B0240000000000000000000102030406070809F4
:10B034000000000001020304A0860100400D03008B
:10B04400801A060000350C0040420F0080841E0068
:10B0540000093D0000127A000024F40000366E015D
:10B064000048E801006CDC0244AF00080000000066
:10B0740000000000000000000000000000020000CA
:10B0840000000000000000000000000058AF0008AD
:10B0940000000000000000000000000000000000AC
:10B0A400000200000000000000000000000000009A
:10B0B4006CAF000800000000000000000000000069
:10B0C400000000000002000000000000000000007A
:10B0D4000000000074AF0008000000000000000041
:10B0E40000000000000000008000000000000000DC
:10B0F40000000000000000008CAF00080000000009
:10B10400000000000000000000000000000100003A
:10B1140000000000000000000000000098AF0008DC
:10B12400000000000000000000000000000000001B
:10B13400000100000000000000000000000000000A
:10B14400A8AF00080000000000000000000000009C
:10B15400000000008001000000000000000000006A
:10B1640000000000000000000000000000000000DB
:10B1740000000000000000000000000000000000CB
:10B1840000000000000000000000000000000000BB
:10B1940000000000000000000000000000000000AB
:10B1A400000000000000000000000000000000009B
:10B1B400000000000000000000000000000000008B
:04B1C4000000000087
:08B1C8003850FF7F0100000078
:04B1D000B5010008BD
:04B1D40091010008DD
:10B1D80000093D001000000001000000AAAAAAAA68
:10B1E8000010000000100000000000010000000036
:10B1F800000000000000000000040000180000002B
:10B2080000600000000000000000000000000000D6
:10B21800440000200000000088B10008A8B1000820
:10B2280068B10008000000000000000000000000F5
:10B238000000000000000000000000000000000006
:10B2480000000000000000000000000000000000F6
:10B2580000000000000000000000000000000000E6
:10B2680000000000000000000000000000000000D6
:04B2780000000000D2
:040000050800122DB0
:00000001FF
