:020000040800F2
:100000000000012035130008D1120008D7120008A3
:10001000DD120008E3120008E912000800000000E9
:10002000000000000000000000000000B1690008AE
:10003000EF12000800000000016C00087960000861
:100040008513000885130008851300088513000830
:100050008513000885130008851300088513000820
:100060008513000885130008851300088513000810
:100070008513000885130008851300088513000800
:1000800085130008851300088513000885130008F0
:1000900085130008851300088513000885130008E0
:1000A00085130008851300088513000885130008D0
:1000B0008513000800000000000000008513000800
:1000C00085130008851300088513000885130008B0
:1000D00085130008851300088513000885130008A0
:1000E00085130008851300080000000000000000D0
:1000F0000000000000000000000000000000000000
:1001000000000000851300080000000085130008AF
:100110000000000000000000FD1200088513000828
:10012000851300088513000885130008851300084F
:10013000851300080000000000000000000000001F
:1001400085130008851300088513000800000000CF
:10015000851300088513000885130008851300081F
:1001600085130008851300088513000800000000AF
:10017000851300088513000800000000000000003F
:0C01800085130008851300088513000893
:1001900010B5054C237833B9044B13B10448AFF3C1
:1001A00000800123237010BD980000200000000093
:1001B000ECAB000808B5034B1BB103490348AFF390
:1001C000008008BD000000009C000020ECAB00088F
:1001D00053B94AB9002908BF00281CBF4FF0FF31AE
:1001E0004FF0FF3000F070B9ADF1080C6DE904CEAE
:1001F00000F006F8DDF804E0DDE9022304B0704702
:100200002DE9F047089E0D4604460F46002B4AD1C3
:100210008A42944665D9B2FA82F343B102FA03FCEA
:10022000C3F120029F4020FA02F217439C404FEA9C
:100230001C4E1FFA8CF5B7FBFEF1220C0EFB11775A
:1002400042EA074201FB05F090420AD91CEB020288
:1002500001F1FF3780F01C81904240F21981023990
:100260006244121AA4B2B2FBFEF00EFB102244EA62
:10027000024400FB05F5A5420AD91CEB040400F179
:10028000FF3280F00781A54240F2048164440238C5
:1002900040EA0140641B00211EB1DC400023C6E996
:1002A0000043BDE8F0878B4208D9002E00F0ED80B6
:1002B0000021C6E900050846BDE8F087B3FA83F1DE
:1002C000002949D1AB4202D3824200F2F880841A5D
:1002D00065EB030201201746002EE2D0C6E9004775
:1002E000DFE702B9FFDEB2FA82F3002B40F0908024
:1002F0008A1A4FEA1C471FFA8CFE0121B2FBF7F560
:1003000007FB1520220C42EA00420EFB05F090424A
:1003100008D91CEB020205F1FF3802D2904200F22C
:10032000CB804546121AA4B2B2FBF7F007FB1022AD
:1003300044EA02440EFB00FEA64508D91CEB040467
:1003400000F1FF3202D2A64500F2BB801046A4EBBA
:100350000E0440EA05409FE7C1F120078B4022FAD6
:1003600007FC4CEA030C05FA01F420FA07F3FD4000
:100370004FEA1C492343B5FBF9F81FFA8CFE09FB31
:1003800018551C0C44EA054408FB0EF5A54202FA78
:1003900001F200FA01F00BD91CEB040408F1FF3A5A
:1003A00080F08880A54240F28580A8F1020864446C
:1003B000641B9DB2B4FBF9F309FB134445EA044402
:1003C00003FB0EFEA64508D91CEB040403F1FF3520
:1003D0006CD2A6456AD9023B644443EA0843A3FBB6
:1003E0000295A4EB0E04AC42C846AE4656D353D099
:1003F00056B1B0EB080264EB0E0404FA07F7CA40EA
:10040000CC401743C6E9007418460021BDE8F087C8
:10041000C3F1200102FA03FC20FA01F225FA01F1EE
:100420009D402A434FEA1C471FFA8CFEB1FBF7F0B0
:1004300007FB1015110C41EA054100FB0EF58D423A
:1004400004FA03F408D91CEB010100F1FF382FD2A4
:100450008D422DD902386144491B92B2B1FBF7F5A8
:1004600007FB151142EA014205FB0EF1914208D942
:100470001CEB020205F1FF3816D2914214D9023D5D
:100480006244521A45EA004138E73146304608E7EF
:100490003946E6E61046FBE64845A9D2B9EB020824
:1004A00065EB0C0E013BA3E74546EAE72B4694E7D4
:1004B0004046D1E7D0467BE7023D624432E708463A
:1004C0000AE76444023842E7704700BF80B400AFD7
:1004D00000BFBD465DF8047B704780B400AF0023C9
:1004E0001846BD465DF8047B70470000F0B589B042
:1004F00008AF05F05EFD00F03BF800F081FA00F077
:100500004FFA00F0CBF900F01DF900F081F800F08F
:10051000E3F8134E112306936D4606F110040FCC39
:100520000FC594E8030085E8030096E80F000AF081
:100530003BF809F07FFF09F019FD09F00DFD00F00F
:100540001FFC09F011FA05F0B1FD064A002106482A
:1005500005F0F6FD0346054A136005F0CBFDFEE706
:100560001801002010AD0008810B00085C0200207B
:1005700080B596B000AF07F114034422002118465D
:100580000AF050FA3B4600221A605A609A60DA601C
:100590001A614FF4007002F0B5FC0346002B01D045
:1005A00000F008FB01237B614FF48033BB61022321
:1005B000FB6303233B6401237B641423BB64072395
:1005C000FB6402233B6504237B6507F11403184693
:1005D00002F0F8FF0346002B01D000F0EBFA0F23E6
:1005E0003B6003237B600023BB600023FB60002390
:1005F0003B613B460421184603F0F8FB0346002B01
:1006000001D000F0D7FA00BF5837BD4680BD0000CA
:1006100080B586B000AF3B4600221A605A609A60EF
:10062000DA601A615A61294B294A1A60274B002265
:100630005A60264B00229A60244B0022DA60234B3A
:1006400000221A61214B04225A61204B00221A76A3
:100650001E4B01225A761D4B0122DA611B4B0022F0
:1006600083F82020194B00229A62184B0022DA628C
:10067000164B002283F83020144B00225A63134B90
:10068000002283F83820114801F00AF80346002BB5
:1006900001D000F08FFA0F4B3B6006237B600023F4
:1006A000BB607F23FB6004233B6100237B613B46EF
:1006B0001946064801F03CF90346002B01D000F032
:1006C00079FA00BF1837BD4680BD00BFB4000020D6
:1006D00000000450000052C780B500AF174B184A05
:1006E0001A60164B28225A60144B00229A60134B52
:1006F0000022DA60114B4FF440221A610F4B4FF485
:1007000080125A610D4B00221A760C4B00225A7649
:100710000A4B00229A76094B0022DA76074B002218
:100720001A77064B00225A77044801F0E1FC034691
:10073000002B01D000F03EFA00BF80BD1801002060
:100740000064004080B59AB000AF07F15803002262
:100750001A605A609A60DA6007F14C0300221A604E
:100760005A609A6007F1300300221A605A609A605A
:10077000DA601A615A619A613B1D2C2200211846E9
:100780000AF050F9434B444A1A60424B4F225A60D8
:10079000404B00229A603F4B6322DA603D4B0022BF
:1007A0001A613C4B00225A613A4B00229A61394847
:1007B00003F06CFE0346002B01D000F0FBF94FF470
:1007C0008053BB6507F158031946324804F006FB15
:1007D0000346002B01D000F0EDF92E4803F002FF94
:1007E0000346002B01D000F0E5F90023FB64002351
:1007F0003B6500237B6507F14C031946254803F050
:1008000049FD0346002B01D000F0D4F960233B637F
:1008100000237B630023BB630023FB6300233B6453
:1008200000237B640023BB6407F1300300221946D8
:10083000184804F0BFF90346002B01D000F0BAF9C4
:1008400000237B600023BB600023FB6000233B612F
:1008500000237B614FF40053BB610023FB61002345
:100860003B624FF000737B620023BB620023FB629C
:100870003B1D1946074803F073FD0346002B01D0CA
:1008800000F098F9034800F0D7FB00BF6837BD4679
:1008900080BD00BF40010020002C014080B58EB01B
:1008A00000AF07F1280300221A605A609A60DA60EC
:1008B00007F11C0300221A605A609A603B4600222E
:1008C0001A605A609A60DA601A615A619A61334B11
:1008D0004FF080421A60314B4F225A602F4B00225A
:1008E0009A602E4B40F21F32DA602C4B00221A61C4
:1008F0002A4B00229A61294803F0C8FD0346002BC9
:1009000001D000F057F94FF48053BB6207F1280380
:100910001946224804F062FA0346002B01D000F089
:1009200049F91E4803F05EFE0346002B01D000F09B
:1009300041F90023FB6100237B6207F11C03194688
:10094000164803F0A7FC0346002B01D000F032F953
:1009500060233B6000237B600023BB6000233B617E
:100960003B46002219460D4804F024F90346002BAB
:1009700001D000F01FF93B460C221946074804F04D
:1009800019F90346002B01D000F014F9034800F0D8
:1009900053FB00BF3837BD4680BD00BF8C0100202F
:1009A00080B500AF144B154A1A60134B4FF4165222
:1009B0005A60114B00229A600F4B0022DA600E4BF6
:1009C00000221A610C4B0C225A610B4B00229A61D7
:1009D000094B0022DA61084B00221A62064B002202
:1009E0005A62054804F08DFE0346002B01D000F04A
:1009F000E1F800BF80BD00BFD801002000380140F1
:100A000080B58AB000AF07F1140300221A605A6063
:100A10009A60DA601A61564BDB6C554A43F08003EA
:100A2000D364534BDB6C03F080033B613B69504B59
:100A3000DB6C4F4A43F00403D3644D4BDB6C03F093
:100A40000403FB60FB684A4BDB6C494A43F001033B
:100A5000D364474BDB6C03F00103BB60BB68444BC2
:100A6000DB6C434A43F00203D364414BDB6C03F07D
:100A700002037B607B683E4BDB6C3D4A43F008031E
:100A8000D3643B4BDB6C03F008033B603B68002204
:100A900040F60F41374802F0F5F9002203214FF0EC
:100AA000904002F0EFF9002240F20541324802F096
:100AB000E9F900220421314802F0E4F940F60F433D
:100AC0007B610123BB610023FB6100233B6207F1D3
:100AD00014031946274802F05BF803237B610123C6
:100AE000BB610023FB6100233B6207F1140319463D
:100AF0004FF0904002F04CF840F205437B61012337
:100B0000BB610023FB6100233B6207F1140319461C
:100B1000194802F03DF84FF202237B610023BB61CC
:100B20000023FB6107F114031946134802F030F863
:100B30004FF490537B610023BB610023FB6107F1FD
:100B4000140319460B4802F023F804237B610123A8
:100B5000BB610023FB6100233B6207F114031946CC
:100B6000064802F015F800BF2837BD4680BD00BF1B
:100B7000001002400008004800040048000C004833
:100B800080B582B000AF7860012005F06BFBFBE719
:100B900080B582B000AF78607B681B68044A9342DE
:100BA00001D105F01FFA00BF0837BD4680BD00BF68
:100BB0000010004080B400AF72B600BFFEE780B501
:100BC00088B002AF78600023FB7307F10F030122A6
:100BD000009200220021032009F010FBFB7B012B77
:100BE00015D103233B7400237B7407F11002022309
:100BF0000321122009F070FA00233B7400237B7458
:100C000007F1100202230021032009F065FA0A20EF
:100C100005F028FBE2E780B584B000AF78600023E0
:100C2000FB73FB7B1946012009F0A4FC01214FF066
:100C3000904002F03FF9FB7B0133FB734FF47A7075
:100C400005F010FBEDE780B588B002AF78600323B4
:100C5000FB7307F10F0301220092002202210320FF
:100C600009F0CCFAFB7B012B16D104233B74012342
:100C70007B7407F1100202230421122009F02CFAE0
:100C800002233B7403237B7407F110020223022129
:100C9000032009F021FA18E0FB7B002B15D1042377
:100CA0003B7400237B7407F11002022304211220FD
:100CB00009F012FA02233B7403237B7407F110023C
:100CC00002230221032009F007FA0A2005F0CAFADC
:100CD000C8E780B588B002AF78600023FB7307F1E6
:100CE0000F030122009200220421032009F086FA5A
:100CF000FB7B012B0AD104233B7400237B7407F197
:100D0000100202230421032009F0E6F90A2005F06D
:100D1000A9FAEDE780B588B002AF78600023FB73D5
:100D200007F10F030122009200220521052009F09E
:100D300065FA0A2005F096FAFBE780B588B002AFA5
:100D400078600023FB720023FB7507F10B0301227F
:100D5000009200220621072009F050FAFB7A012BAD
:100D60000AD106233B7300237B7307F10C02022395
:100D70000621072009F0B0F90A2005F073FAEDE723
:100D800080B500AF184A0021184805F0D9F903468C
:100D9000174A1360174A0021174805F0D1F9034696
:100DA000164A1360164A0021164805F0C9F9034691
:100DB000154A1360154A0021154805F0C1F903468C
:100DC000144A1360144A0021144805F0B9F9034687
:100DD000134A1360134A0021134805F0B1F9034682
:100DE000124A136000BF80BD34AD0008BF0B00087D
:100DF0006002002058AD0008170C000864020020B3
:100E00007CAD0008470C000868020020A0AD000877
:100E1000D30C00086C020020C4AD0008150D0008BA
:100E200070020020E8AD00083B0D000874020020AD
:100E300080B582B000AF114B1B6E104A43F0010326
:100E400013660E4B1B6E03F001037B607B680B4B3C
:100E50009B6D0A4A43F080539365084B9B6D03F0EA
:100E600080533B603B6800220F216FF0010001F0CE
:100E700065FE00BF0837BD4680BD00BF00100240C0
:100E800080B5A0B000AF786007F16C0300221A6053
:100E90005A609A60DA601A6107F110035C2200213F
:100EA000184609F0BFFD7B681B68254A934242D172
:100EB0004FF480433B614FF080533B6603237B61DB
:100EC0000123BB611423FB6107233B6202237B6286
:100ED0000423BB624FF08073FB6207F110031846D6
:100EE00002F066F80346002B01D0FFF763FE154BB6
:100EF000DB6C144A43F40053D364124BDB6C03F4F1
:100F00000053FB60FB680F4BDB6C0E4A43F004039D
:100F1000D3640C4BDB6C03F00403BB60BB68102391
:100F2000FB6603233B6700237B6707F16C031946CD
:100F3000054801F02DFE00BF8037BD4680BD00BFD3
:100F400000000450001002400008004880B58AB03C
:100F500000AF786007F1140300221A605A609A60AB
:100F6000DA601A617B681B68184A934229D1184BD2
:100F70009B6D174A43F000739365154B9B6D03F00F
:100F800000733B613B69124BDB6C114A43F0010378
:100F9000D3640F4BDB6C03F00103FB60FB684FF481
:100FA000C0537B610223BB610023FB6103233B62CF
:100FB00009237B6207F1140319464FF0904001F0BA
:100FC000E7FD00BF2837BD4680BD00BF006400407C
:100FD0000010024080B485B000AF78607B681B6869
:100FE000134A93420CD1134B1B6E124A43F4006315
:100FF0001366104B1B6E03F40063FB60FB6810E08C
:101000007B681B68B3F1804F0BD10A4B9B6D094A7B
:1010100043F001039365074B9B6D03F00103BB6035
:10102000BB6800BF1437BD465DF8047B704700BF46
:10103000002C01400010024080B58AB000AF7860FB
:1010400007F1140300221A605A609A60DA601A618C
:101050007B681B68324A93421ED1324BDB6C314AAB
:1010600043F00103D3642F4BDB6C03F001033B61BE
:101070003B694FF480737B610223BB610023FB61FA
:1010800000233B6201237B6207F1140319464FF0F2
:10109000904001F07DFD3FE07B681B68B3F1804F1D
:1010A0003AD1204BDB6C1F4A43F00203D3641D4B43
:1010B000DB6C03F00203FB60FB681A4BDB6C194A24
:1010C00043F00103D364174BDB6C03F00103BB60F7
:1010D000BB684FF400637B610223BB610023FB61AB
:1010E00000233B6201237B6207F1140319460E487B
:1010F00001F04EFD4FF400437B610223BB610023EE
:10110000FB6100233B6201237B6207F11403194654
:101110004FF0904001F03CFD00BF2837BD4680BD38
:10112000002C0140001002400004004880B5A0B02F
:1011300000AF786007F16C0300221A605A609A6071
:10114000DA601A6107F110035C220021184609F0E9
:1011500069FC7B681B681F4A934237D101233B61BE
:1011600000233B6307F11003184601F021FF0346FB
:10117000002B01D0FFF71EFD174B1B6E164A43F4E0
:1011800080431366144B1B6E03F48043FB60FB68C3
:10119000114BDB6C104A43F00103D3640E4BDB6C44
:1011A00003F00103BB60BB684FF4C063FB6602231E
:1011B0003B6700237B670323BB670723FB6707F1BC
:1011C0006C0319464FF0904001F0E2FC00BF8037FD
:1011D000BD4680BD003801400010024080B58EB091
:1011E00000AF7860002387F83330344B9B6D334A6F
:1011F00043F010039365314B9B6D03F01003FB60CC
:10120000FB6807F1100207F114031146184602F0BB
:10121000AFFF3B6AFB62FB6A002B03D102F07CFF4D
:10122000786304E002F078FF03465B007B637B6B2E
:10123000234AA2FB03239B0C013BBB62214B224AA6
:101240001A60204B40F2E732DA601E4ABB6A5360F4
:101250001C4B00221A611B4B00229A60194B002282
:101260009A61184803F012F9034687F8333097F86B
:101270003330002B1BD1134803F060F9034687F885
:10128000333097F83330002B11D1362001F072FC47
:101290007B680F2B08D800227968362001F04EFCBD
:1012A0000A4A7B68136002E0012387F8333097F81D
:1012B000333018463837BD4680BD00BF00100240AD
:1012C00083DE1B4378020020001000400400002051
:1012D00080B400AFFEE780B400AFFEE780B400AF9B
:1012E000FEE780B400AFFEE780B400AFFEE780B455
:1012F00000AF00BFBD465DF8047B704780B500AF0E
:10130000024803F037FB00BF80BD00BF7802002019
:1013100080B400AF064BD3F88830054A43F470031D
:10132000C2F8883000BFBD465DF8047B704700BF3F
:1013300000ED00E0DFF834D0FFF7EAFF0C480D497C
:101340000D4A002302E0D458C4500433C4188C4220
:10135000F9D30A4A0A4C002301E013600432A24286
:10136000FBD309F0C3FBFFF7C1F8FEE70000012043
:10137000000000209800002018AF0008980000200E
:1013800020620020FEE780B483B000AF786039604F
:101390007B689B6823F47C123B681A437B689A60E5
:1013A00000BF0C37BD465DF8047B704780B483B046
:1013B00000AF786039607B689B6823F0E0723B681F
:1013C0001A437B689A6000BF0C37BD465DF8047B0A
:1013D000704780B483B000AF78607B689B6803F08F
:1013E000E07318460C37BD465DF8047B704700007B
:1013F00080B487B000AFF860B9607A603B60FB688A
:1014000060331A46BB689B0013447B617B691A6892
:10141000084B13407A6802F0F8413A680A431343D4
:1014200043F000427B691A6000BF1C37BD465DF87F
:10143000047B704700F0FF0380B485B000AF786094
:1014400039607B6860331A463B689B001344FB603D
:10145000FB681B6803F0F84318461437BD465DF877
:10146000047B704780B487B000AFF860B9607A60E1
:10147000FB6860331A46BB689B0013447B617B6941
:101480001B6823F000427B681A437B691A6000BF27
:101490001C37BD465DF8047B704780B487B000AF51
:1014A000F860B9607A60FB6830331A46BB681B0A83
:1014B0009B0003F00C0313447B617B691A68BB68D3
:1014C00003F01F031F2101FA03F3DB431A407B687B
:1014D0009B0E03F01F01BB6803F01F0301FA03F327
:1014E0001A437B691A6000BF1C37BD465DF8047B58
:1014F000704780B487B000AFF860B9607A60FB686D
:1015000014331A46BB685B0E9B0003F004031344BC
:101510007B617B691A68BB681B0D03F01F03072101
:1015200001FA03F3DB431A40BB681B0D03F01F03F2
:10153000796801FA03F31A437B691A6000BF1C370C
:10154000BD465DF8047B704780B485B000AFF8609D
:10155000B9607A60FB68D3F8B020BB68C3F31203AC
:10156000DB431A407B6803F018030849D940BB6885
:101570000B40C3F312031A43FB68C3F8B02000BF4B
:101580001437BD465DF8047B704700BFFFFF0700BE
:1015900080B483B000AF78607B689B6823F0204301
:1015A00023F03F037A68936000BF0C37BD465DF8B7
:1015B000047B704780B483B000AF78607B689B6821
:1015C00003F00053B3F1005F01D1012300E00023D9
:1015D00018460C37BD465DF8047B704780B483B075
:1015E00000AF78607B689B6823F0104323F03F03D3
:1015F00043F080527B689A6000BF0C37BD465DF8AF
:10160000047B704780B483B000AF78607B689B68D0
:1016100003F08053B3F1805F01D1012300E0002388
:1016200018460C37BD465DF8047B704780B483B024
:1016300000AF78607B689B6803F00103012B01D148
:10164000012300E0002318460C37BD465DF8047BFB
:10165000704780B483B000AF78607B689B6803F00C
:101660000403042B01D1012300E0002318460C37AA
:10167000BD465DF8047B704780B483B000AF7860EE
:101680007B689B6803F00803082B01D1012300E06D
:10169000002318460C37BD465DF8047B70470000F8
:1016A00080B588B000AF78600023FB770023BB6073
:1016B0007B68002B01D101232CE17B681B69002B87
:1016C0007B685B6D002B09D17868FFF7D9FB7B68DD
:1016D00000229A657B68002283F850207B681B6893
:1016E0001846FFF767FF0346002B04D07B681B6892
:1016F0001846FFF74DFF7B681B681846FFF782FF0F
:101700000346002B15D17B681B681846FFF766FF60
:10171000824B1B689B09824AA2FB03239B0901336E
:101720005B00BB6002E0BB68013BBB60BB68002B99
:10173000F9D17B681B681846FFF764FF0346002B4E
:101740000DD17B685B6D43F010027B685A657B6846
:101750009B6D43F001027B689A650123FB777B68F0
:101760001B681846FFF775FF78617B685B6D03F0B7
:101770001003002B40F0C5807B69002B40F0C18036
:101780007B685B6D23F4817343F002027B685A65CA
:101790007B681B681846FFF749FF0346002B0BD1F7
:1017A0006048FFF743FF0346002B05D17B685B6869
:1017B00019465D48FFF7E7FD7B685B7E5A037B684F
:1017C0005B6B1A437B68DB681A437B689B681A4330
:1017D0007B6893F820301B041343BB617B6893F84C
:1017E0002030012B06D17B685B6A013B5B04BA6940
:1017F0001343BB617B689B6A002B09D07B689B6AA3
:1018000003F470727B68DB6A1343BA691343BB61EC
:101810007B681B68DA68454B13407A681268B969BF
:101820000B43D3607B681B681846FFF712FF3861D3
:101830007B681B681846FFF71FFFF8603B69002BA9
:101840003DD1FB68002B3AD17B681B7E9A037B68F5
:1018500093F830305B001343BB617B681B68DB6827
:1018600023F4804323F002037A681268B9690B43BA
:10187000D3607B6893F83830012B18D17B681B68E4
:101880001B6923F4FF6323F004037A68D16B7A6841
:10189000126C11437A68526C11437A68926C0A4355
:1018A0001A437B681B6842F001021A6107E07B68FB
:1018B0001B681A697B681B6822F001021A617B6849
:1018C0001B69012B0CD17B681B681B6B23F00F017C
:1018D0007B68DB695A1E7B681B680A431A6307E052
:1018E0007B681B681A6B7B681B6822F00F021A6307
:1018F0007B685B6D23F0030343F001027B685A654C
:1019000007E07B685B6D43F010027B685A6501233A
:10191000FB77FB7F18462037BD4680BD00000020C6
:10192000632D3E05000004500003045007C0F0FF83
:1019300080B5B6B000AF78603960002387F8D73043
:101940000023FB607B6893F85030012B01D1022308
:10195000B9E37B68012283F850207B681B68184636
:10196000FFF777FE0346002B40F09E833B685B68E1
:10197000052B24D83B685B68023B032B1BD801A2D4
:1019800052F823F0951900089D190008A5190008C0
:10199000AD1900083B680C225A6010E03B68122227
:1019A0005A600CE03B6818225A6008E03B684FF42C
:1019B00080725A6003E03B6806225A6000BF7B6871
:1019C00018683B6859683B681B681A46FFF765FD55
:1019D0007B681B681846FFF73CFEC7F8D0007B68A1
:1019E0001B681846FFF748FEC7F8CC00D7F8D03080
:1019F000002B40F0A681D7F8CC30002B40F0A1811D
:101A00007B6818683B6819683B689B681A46FFF753
:101A100070FD3B685A697B681B68DB68DB0803F074
:101A200003035B0002FA03F3C7F8C8303B681B6985
:101A3000042B0AD07B6818683B6819693B681A68F0
:101A4000D7F8C830FFF7D4FC7BE17B681B68002126
:101A50001846FFF7F1FC0346C3F31203002B0AD12B
:101A60007B681B6800211846FFF7E6FC03469B0EC7
:101A700003F01F021EE07B681B6800211846FFF779
:101A8000DBFC0346C7F8BC30D7F8BC3093FAA3F3AD
:101A9000C7F8B830D7F8B830C7F8C030D7F8C0307A
:101AA000002B01D1202304E0D7F8C030B3FA83F330
:101AB000DBB21A463B681B68C3F31203002B05D147
:101AC0003B681B689B0E03F01F0318E03B681B6814
:101AD000C7F8B030D7F8B03093FAA3F3C7F8AC30FA
:101AE000D7F8AC30C7F8B430D7F8B430002B01D1F8
:101AF000202304E0D7F8B430B3FA83F3DBB29A4280
:101B000006D17B681B68002200211846FFF7AAFC5B
:101B10007B681B6801211846FFF78EFC0346C3F360
:101B20001203002B0AD17B681B6801211846FFF7BE
:101B300083FC03469B0E03F01F021EE07B681B68BC
:101B400001211846FFF778FC0346C7F8A430D7F800
:101B5000A43093FAA3F3C7F8A030D7F8A030C7F8A1
:101B6000A830D7F8A830002B01D1202304E0D7F803
:101B7000A830B3FA83F3DBB21A463B681B68C3F3A1
:101B80001203002B05D13B681B689B0E03F01F035B
:101B900018E03B681B68C7F89830D7F8983093FA7C
:101BA000A3F3C7F89430D7F89430C7F89C30D7F82F
:101BB0009C30002B01D1202304E0D7F89C30B3FAED
:101BC00083F3DBB29A4206D17B681B6800220121B5
:101BD0001846FFF747FC7B681B6802211846FFF791
:101BE0002BFC0346C3F31203002B0AD17B681B684E
:101BF00002211846FFF720FC03469B0E03F01F024C
:101C00001EE07B681B6802211846FFF715FC03469F
:101C1000C7F88C30D7F88C3093FAA3F3C7F8883024
:101C2000D7F88830C7F89030D7F89030002B01D122
:101C3000202304E0D7F89030B3FA83F3DBB21A46DE
:101C40003B681B68C3F31203002B05D13B681B687C
:101C50009B0E03F01F0316E03B681B68C7F880303B
:101C6000D7F8803093FAA3F3FB67FB6FC7F8843093
:101C7000D7F88430002B01D1202304E0D7F884303A
:101C8000B3FA83F3DBB29A4206D17B681B68002269
:101C900002211846FFF7E6FB7B681B680321184604
:101CA000FFF7CAFB0346C3F31203002B0AD17B687C
:101CB0001B6803211846FFF7BFFB03469B0E03F08A
:101CC0001F0217E07B681B6803211846FFF7B4FB6F
:101CD00003467B677B6F93FAA3F33B673B6FBB675E
:101CE000BB6F002B01D1202303E0BB6FB3FA83F35A
:101CF000DBB21A463B681B68C3F31203002B05D105
:101D00003B681B689B0E03F01F0311E03B681B68D8
:101D1000BB66BB6E93FAA3F37B667B6EFB66FB6EC2
:101D2000002B01D1202303E0FB6EB3FA83F3DBB277
:101D30009A4206D17B681B68002203211846FFF7F0
:101D400091FB7B681B681846FFF770FC0346002B6D
:101D500040F040817B6818683B6819683B68DB6825
:101D60001A46FFF7F1FB3B68DB688F4A934240F06D
:101D700031817B6818683B681B68C3F31203002B32
:101D80000BD13B681B689B0E013303F01F03092B2B
:101D900094BF01230023DBB219E03B681B68FB659D
:101DA000FB6D93FAA3F3BB65BB6D3B663B6E002BEB
:101DB00001D1202303E03B6EB3FA83F3DBB201339E
:101DC00003F01F03092B94BF01230023DBB2002B78
:101DD00079D03B681B68C3F31203002B07D13B6823
:101DE0001B689B0E01339B0603F0F84215E03B682D
:101DF0001B683B653B6D93FAA3F3FB64FB6C7B654F
:101E00007B6D002B01D1202303E07B6DB3FA83F3BC
:101E1000DBB201339B0603F0F8423B681B68C3F357
:101E20001203002B09D13B681B689B0E013303F0A2
:101E30001F03012101FA03F317E03B681B687B6471
:101E40007B6C93FAA3F33B643B6CBB64BB6C002BD1
:101E500001D1202303E0BB6CB3FA83F3DBB201337F
:101E600003F01F03012101FA03F342EA03013B6877
:101E70001B68C3F31203002B0AD13B681B689B0E3F
:101E8000013303F01F0213465B0013441B0518E0E7
:101E90003B681B68BB63BB6B93FAA3F37B637B6BF1
:101EA000FB63FB6B002B01D1202303E0FB6BB3FA38
:101EB00083F3DBB2013303F01F0213465B001344CC
:101EC0001B050B4381E03B681B68C3F31203002B27
:101ED00007D13B681B689B0E01339B0603F0F84259
:101EE00015E03B681B68FB62FB6A93FAA3F3BB62D5
:101EF000BB6A3B633B6B002B01D1202303E03B6BB0
:101F0000B3FA83F3DBB201339B0603F0F8423B687C
:101F10001B68C3F31203002B09D13B681B689B0E9F
:101F2000013303F01F03012101FA03F317E03B68BB
:101F30001B683B623B6A93FAA3F3FB61FB697B621C
:101F40007B6A002B01D1202303E07B6AB3FA83F381
:101F5000DBB2013303F01F03012101FA03F342EA6C
:101F600003013B681B68C3F31203002B0DD13B68D0
:101F70001B689B0E013303F01F0213465B001344E2
:101F80001E3B1B0543F000731EE03B681B687B6132
:101F90007B6993FAA3F33B613B69BB61BB69002B8F
:101FA00004D1202306E000BF00007F40BB69B3FAE4
:101FB00083F3DBB2013303F01F0213465B001344CB
:101FC0001E3B1B0543F000730B433A6892681946A9
:101FD000FFF78FFA3B681A683D4B1340002B6CD01B
:101FE0003C48FFF7F6F9C7F8C4003B681B683A4A5B
:101FF000934227D1D7F8C43003F40003002B21D13A
:102000007B681B68354A934257D1D7F8C43043F4F4
:10201000000319462F48FFF7C9F9314B1B689B098C
:10202000304AA2FB03239B095A1C13465B0013444E
:102030009B00FB6002E0FB68013BFB60FB68002B40
:10204000F9D13AE03B681B68274A934213D1D7F88D
:10205000C43003F08073002B0DD17B681B681F4ACE
:1020600093422AD1D7F8C43043F0807319461948F7
:10207000FFF79CF921E03B681B681C4A93421CD186
:10208000D7F8C43003F48003002B16D17B681B689B
:10209000124A934211D1D7F8C43043F48003194651
:1020A0000C48FFF783F908E07B685B6D43F0200282
:1020B0007B685A65012387F8D7307B68002283F854
:1020C000502097F8D7301846D837BD4680BD00BF9E
:1020D0000000088000030450000052C700000450B4
:1020E00000000020632D3E05000084CB010000802D
:1020F00080B584B000AF78607B68002B01D10123EC
:10210000EDE07B6893F82030DBB2002B02D17868D9
:10211000FEF71CFF7B681B681A687B681B6842F02F
:1021200001021A6003F072FFF86012E003F06EFF24
:102130000246FB68D31A0A2B0BD97B685B6A43F40F
:1021400000327B685A627B68052283F820200123D5
:10215000C5E07B681B685B6803F00103002BE5D0DA
:102160007B681B681A687B681B6822F002021A6091
:1021700003F04CFFF86012E003F048FF0246FB68F2
:10218000D31A0A2B0BD97B685B6A43F400327B6855
:102190005A627B68052283F8202001239FE07B6838
:1021A0001B685B6803F00203002BE5D17B681B7E94
:1021B000012B08D17B681B681A687B681B6842F09A
:1021C00080021A6007E07B681B681A687B681B68DE
:1021D00022F080021A607B685B7E012B08D17B684D
:1021E0001B681A687B681B6842F040021A6007E0AF
:1021F0007B681B681A687B681B6822F040021A60C3
:102200007B689B7E012B08D17B681B681A687B6802
:102210001B6842F020021A6007E07B681B681A689E
:102220007B681B6822F020021A607B68DB7E012B32
:1022300008D17B681B681A687B681B6822F0100253
:102240001A6007E07B681B681A687B681B6842F0AD
:1022500010021A607B681B7F012B08D17B681B680A
:102260001A687B681B6842F008021A6007E07B6806
:102270001B681A687B681B6822F008021A607B687A
:102280005B7F012B08D17B681B681A687B681B6821
:1022900042F004021A6007E07B681B681A687B68DA
:1022A0001B6822F004021A607B689A687B68DB680E
:1022B0001A437B681B691A437B685B6942EA030126
:1022C0007B685B685A1E7B681B680A43DA617B681F
:1022D00000225A627B68012283F8202000231846DE
:1022E0001037BD4680BD80B487B000AF78603960DC
:1022F0007B681B687B617B6893F82030FB74FB7CF8
:10230000012B03D0FB7C022B40F0AA807B69D3F821
:10231000003243F001027B69C3F800223B685B692D
:1023200003F01F03012202FA03F3FB607B69D3F879
:102330001C22FB68DB431A407B69C3F81C223B6804
:10234000DB69002B23D17B69D3F80C22FB68DB43CC
:102350001A407B69C3F80C223B68DB6819043B68B0
:102360005B689BB23A68526919437B69483243F80B
:1023700032103B689B6819043B681B689AB23B6843
:102380005B690A4379694833DB000B445A603B6858
:10239000DB69012B22D17B69D3F80C22FB681A433D
:1023A0007B69C3F80C223B681B6819043B685B68B7
:1023B0009BB23A68526919437B69483243F832103C
:1023C0003B689B6819043B68DB689AB23B685B69B1
:1023D0000A4379694833DB000B445A603B689B69C8
:1023E000002B09D17B69D3F80422FB68DB431A4038
:1023F0007B69C3F8042207E07B69D3F80422FB68F9
:102400001A437B69C3F804223B681B69002B09D17E
:102410007B69D3F81422FB68DB431A407B69C3F85D
:10242000142207E07B69D3F81422FB681A437B6906
:10243000C3F814223B681B6A012B07D17B69D3F8D0
:102440001C22FB681A437B69C3F81C227B69D3F802
:10245000003223F001027B69C3F80022002306E06A
:102460007B685B6A43F480227B685A6201231846CA
:102470001C37BD465DF8047B704780B584B000AF63
:1024800078607B6893F82030DBB2012B2ED17B681B
:10249000022283F820207B681B681A687B681B680F
:1024A00022F001021A6003F0B1FDF86012E003F0BF
:1024B000ADFD0246FB68D31A0A2B0BD97B685B6A19
:1024C00043F400327B685A627B68052283F820203F
:1024D000012312E07B681B685B6803F00103002B9B
:1024E000E5D17B6800225A62002306E07B685B6AC4
:1024F00043F400227B685A62012318461037BD4618
:1025000080BD80B489B000AFF860B9607A603B608C
:10251000FB6893F82030FB77FB681B689B68BB6106
:10252000FB7F012B03D0FB7F022B40F0AD80BB690A
:1025300003F08063002B0AD1BB6903F00063002B1A
:1025400005D1BB6903F08053002B00F09580BB6977
:102550001B0E03F003037B6101227B699A403B68F9
:102560001A60BB689B68002B0DD1BB681B685A05BD
:10257000BB68DB68F96809681A437B6918331B017B
:102580000B441A600FE0BB685B68DA00BB689B68AD
:102590001A43BB68DB68F96809681A437B6918331A
:1025A0001B010B441A60FB681968BB681A697B69D8
:1025B00018331B010B4404331A60BB681B7D012BCD
:1025C00011D1FB681A687B6918331B01134404336B
:1025D0001B68FA68116843F480727B6918331B0129
:1025E0000B4404331A607B6807331B781A067B6838
:1025F00006331B781B041A437B6805331B781B02C8
:1026000013437A68043212781046FA68116843EA74
:1026100000027B691B010B4403F5C6731A607B68DB
:1026200003331B781A067B6802331B781B041A439A
:102630007B6801331B781B0213437A6812781046BB
:10264000FA68116843EA00027B691B010B4403F539
:10265000C4731A60FB681A687B6918331B01134442
:102660001B68FA68116843F001027B6918331B018B
:102670000B441A6000230EE0FB685B6A43F400120F
:10268000FB685A62012306E0FB685B6A43F4802220
:10269000FB685A62012318462437BD465DF8047B67
:1026A000704780B485B000AF78600023FB607B6822
:1026B00093F82030FB72FB7A012B02D0FB7A022BBD
:1026C0001DD17B681B689B6803F08063002B02D0E0
:1026D000FB680133FB607B681B689B6803F0006349
:1026E000002B02D0FB680133FB607B681B689B6892
:1026F00003F08053002B02D0FB680133FB60FB68C2
:1027000018461437BD465DF8047B704780B487B027
:1027100000AFF860B9607A603B60FB6893F82030E6
:10272000FB75FB7D012B03D0FB7D022B40F0F3807A
:10273000BB68002B0ED1FB681B68DB6803F003034A
:10274000002B16D1FB685B6A43F40012FB685A62E7
:102750000123E7E0FB681B681B6903F00303002B00
:1027600007D1FB685B6A43F40012FB685A620123DD
:10277000D8E0FB681A68BB681B331B0113441B6855
:1027800003F004027B689A607B689B68002B0CD185
:10279000FB681A68BB681B331B0113441B685B0D85
:1027A000C3F30A027B681A600BE0FB681A68BB6817
:1027B0001B331B0113441B68DB0823F060427B685A
:1027C0005A60FB681A68BB681B331B0113441B6803
:1027D00003F002027B68DA60FB681A68BB681B338F
:1027E0001B01134404331B6803F00F027B681A615A
:1027F000FB681A68BB681B331B01134404331B6856
:102800001B0ADAB27B689A61FB681A68BB681B33E3
:102810001B01134404331B681B0C9AB27B685A617A
:10282000FB681A68BB681B01134403F5DC731B6863
:10283000DAB23B681A70FB681A68BB681B01134464
:1028400003F5DC731B681A0A3B680133D2B21A70B5
:10285000FB681A68BB681B01134403F5DC731B6833
:102860001A0C3B680233D2B21A70FB681A68BB6854
:102870001B01134403F5DC731B681A0E3B6803331A
:10288000D2B21A70FB681A68BB681B01134403F5C7
:10289000DE731A683B680433D2B21A70FB681A6898
:1028A000BB681B01134403F5DE731B681A0A3B68FF
:1028B0000533D2B21A70FB681A68BB681B01134457
:1028C00003F5DE731B681A0C3B680633D2B21A702C
:1028D000FB681A68BB681B01134403F5DE731B68B1
:1028E0001A0E3B680733D2B21A70BB68002B08D1AE
:1028F000FB681B68DA68FB681B6842F02002DA603C
:1029000007E0FB681B681A69FB681B6842F020023D
:102910001A61002306E0FB685B6A43F48022FB68CF
:102920005A62012318461C37BD465DF8047B704788
:1029300080B485B000AF786039600023FB607B68AD
:1029400093F82030FB72FB7A012B02D0FB7A022B2A
:102950000FD13B68002B06D17B681B68DB6803F056
:102960000303FB6005E07B681B681B6903F003033E
:10297000FB60FB6818461437BD465DF8047B704762
:1029800080B485B000AF786039607B6893F8203000
:10299000FB73FB7B012B02D0FB7B022B09D17B68F5
:1029A0001B6859697B681B683A680A435A610023AF
:1029B00006E07B685B6A43F480227B685A620123ED
:1029C00018461437BD465DF8047B704780B485B067
:1029D00000AF78607B6803F00703FB600C4BDB689B
:1029E000BB60BA684FF6FF031340BB60FB681A0276
:1029F000BB68134343F0BF6343F40033BB60044A36
:102A0000BB68D36000BF1437BD465DF8047B7047D8
:102A100000ED00E080B400AF044BDB681B0A03F05C
:102A200007031846BD465DF8047B704700ED00E0E3
:102A300080B483B000AF0346FB7197F90730002BD9
:102A40000BDBFB7903F01F02074997F907305B099D
:102A5000012000FA02F241F8232000BF0C37BD46E6
:102A60005DF8047B704700BF00E100E080B483B0F4
:102A700000AF03463960FB7197F90730002B0ADB82
:102A80003B68DAB20C4997F907301201D2B20B4415
:102A900083F800230AE03B68DAB20849FB7903F0C7
:102AA0000F03043B1201D2B20B441A7600BF0C375D
:102AB000BD465DF8047B704700E100E000ED00E0FA
:102AC00080B489B000AFF860B9607A60FB6803F049
:102AD0000703FB61FB69C3F10703042B28BF042331
:102AE000BB61FB690433062B02D9FB69033B00E0A1
:102AF00000237B614FF0FF32BB6902FA03F3DA4334
:102B0000BB681A407B699A404FF0FF317B6901FA3C
:102B100003F3D9437B680B40134318462437BD4663
:102B20005DF8047B704780B582B000AF786078684C
:102B3000FFF74CFF00BF0837BD4680BD80B586B0AB
:102B400000AF0346B9607A60FB7300237B61FFF737
:102B500061FF78617A68B9687869FFF7B1FF02466A
:102B600097F90F3011461846FFF780FF00BF18375E
:102B7000BD4680BD80B582B000AF0346FB7197F9BA
:102B800007301846FFF754FF00BF0837BD4680BD29
:102B900080B487B000AF7860396000237B6154E176
:102BA0003B681A6801217B6901FA03F31340FB605B
:102BB000FB68002B00F046813B685B6803F0030371
:102BC000012B05D03B685B6803F00303022B30D177
:102BD0007B689B683B617B695B00032202FA03F31D
:102BE000DB433A6913403B613B68DA687B695B0011
:102BF00002FA03F33A6913433B617B683A699A60CE
:102C00007B685B683B6101227B6902FA03F3DB436B
:102C10003A6913403B613B685B681B0903F00102A2
:102C20007B6902FA03F33A6913433B617B683A69B3
:102C30005A603B685B6803F00303032B17D07B6883
:102C4000DB683B617B695B00032202FA03F3DB4331
:102C50003A6913403B613B689A687B695B0002FA02
:102C600003F33A6913433B617B683A69DA603B6876
:102C70005B6803F00303022B23D17B69DA087B68CE
:102C8000083253F822303B617B6903F007039B0055
:102C90000F2202FA03F3DB433A6913403B613B68BE
:102CA0001A697B6903F007039B0002FA03F33A6990
:102CB00013433B617B69DA087B680832396943F862
:102CC00022107B681B683B617B695B00032202FA70
:102CD00003F3DB433A6913403B613B685B6803F0F5
:102CE00003027B695B0002FA03F33A6913433B6119
:102CF0007B683A691A603B685B6803F44033002BD9
:102D000000F0A080584B1B6E574A43F00103136636
:102D1000554B1B6E03F00103BB60BB68534A7B69D4
:102D20009B08023352F823303B617B6903F00303B5
:102D30009B000F2202FA03F3DB433A6913403B6125
:102D40007B68B3F1904F19D07B68494A934213D006
:102D50007B68484A93420DD07B68474A934207D02C
:102D60007B68464A934201D1042308E0072306E02A
:102D7000032304E0022302E0012300E000237A6938
:102D800002F00302920093403A6913433B613749D2
:102D90007B699B0802333A6941F82320384B9B68D2
:102DA0003B61FB68DB433A6913403B613B685B680E
:102DB00003F48013002B03D03A69FB6813433B6193
:102DC0002F4A3B6993602E4BDB683B61FB68DB431A
:102DD0003A6913403B613B685B6803F40013002BC6
:102DE00003D03A69FB6813433B61254A3B69D360D2
:102DF000234B5B683B61FB68DB433A6913403B61F3
:102E00003B685B6803F40033002B03D03A69FB682E
:102E100013433B611A4A3B695360194B1B683B6182
:102E2000FB68DB433A6913403B613B685B6803F432
:102E30008033002B03D03A69FB6813433B61104A8F
:102E40003B6913607B6901337B613B681A687B696E
:102E500022FA03F3002B7FF4A3AE00BF00BF1C37A0
:102E6000BD465DF8047B7047001002400000014041
:102E70000004004800080048000C0048001000480A
:102E80000004014080B483B000AF78600B467B80C3
:102E900013467B707B78002B03D07A887B689A611D
:102EA00002E07A887B689A6200BF0C37BD465DF805
:102EB000047B704780B485B000AF78600B467B80A0
:102EC0007B685B69FB607A88FB6813401A04FB68C7
:102ED000D9437B880B401A437B689A6100BF143743
:102EE000BD465DF8047B704780B400AF044B1B689F
:102EF00003F4C0631846BD465DF8047B704700BF0D
:102F00000070004080B485B000AF78607B68B3F596
:102F1000007F30D1234B1B6803F4C063B3F5007FFF
:102F200038D0204B1B6823F4C0631E4A43F400735F
:102F300013601D4B1B68322202FB03F31B4AA2FBEA
:102F400003239B0C0133FB6002E0FB68013BFB6049
:102F5000144B5B6903F48063B3F5806F02D1FB68A7
:102F6000002BF2D10F4B5B6903F48063B3F5806FE4
:102F700010D103230FE00B4B1B6803F4C063B3F5C0
:102F8000806F07D0074B1B6823F4C063054A43F4E6
:102F900080631360002318461437BD465DF8047B38
:102FA000704700BF007000400000002083DE1B431C
:102FB00080B586B000AF78600023FB740023BB743B
:102FC0007B681B6803F40063002B31D07B685B6C6B
:102FD000B3F5400F1AD0B3F5400F14D8002B09D029
:102FE000B3F5000F0FD15D4BDB685C4A43F48033CF
:102FF000D3600CE07B6804330021184600F0F0F940
:103000000346FB7403E00123FB7400E000BFFB7C7C
:10301000002B0BD1514BD3F8883023F440027B684E
:103020005B6C4E491343C1F8883001E0FB7CBB74F4
:103030007B681B6803F40033002B00F09E800023A4
:103040007B74464B9B6D03F08053002B01D1012311
:1030500000E00023002B0DD0404B9B6D3F4A43F016
:10306000805393653D4B9B6D03F08053BB60BB6801
:1030700001237B743A4B1B68394A43F48073136015
:1030800002F0C4FFF86009E002F0C0FF0246FB68EE
:10309000D31A022B02D90323FB7405E0304B1B68C3
:1030A00003F48073002BEFD0FB7C002B5AD12B4B09
:1030B000D3F8903003F440737B617B69002B1ED002
:1030C0007B689B6D7A699A4219D0244BD3F8903073
:1030D00023F440737B61214BD3F890301F4A43F4B3
:1030E0008033C2F890301D4BD3F890301B4A23F444
:1030F0008033C2F89030194A7B69C2F890307B69FE
:1031000003F00103002B16D002F080FFF8600BE003
:1031100002F07CFF0246FB68D31A41F288329342E8
:1031200002D90323FB7406E00C4BD3F8903003F074
:103130000203002BECD0FB7C002B0BD1074BD3F808
:10314000903023F440727B689B6D04491343C1F8AF
:10315000903009E0FB7CBB7406E000BF0010024029
:1031600000700040FB7CBB747B7C012B05D19B4B2A
:103170009B6D9A4A23F0805393657B681B6803F02C
:103180000103002B0AD0954BD3F8883023F00302BB
:103190007B681B6A91491343C1F888307B681B68C0
:1031A00003F00203002B0AD08C4BD3F8883023F0B5
:1031B0000C027B685B6A89491343C1F888307B68DD
:1031C0001B6803F00403002B0AD0844BD3F888302B
:1031D00023F030027B689B6A80491343C1F8883032
:1031E0007B681B6803F02003002B0AD07B4BD3F8CD
:1031F000883023F440627B68DB6A78491343C1F866
:1032000088307B681B6803F40073002B0AD0734B73
:10321000D3F8883023F440227B68DB6B6F4913437B
:10322000C1F888307B681B6803F48063002B0AD0E8
:103230006A4BD3F8883023F440127B681B6C6749D3
:103240001343C1F888307B681B6803F04003002BF0
:103250000AD0624BD3F8883023F440527B681B6B52
:103260005E491343C1F888307B681B6803F0800314
:10327000002B0AD0594BD3F8883023F440427B68A6
:103280005B6B56491343C1F888307B681B6803F4B5
:103290008073002B0AD0514BD3F8883023F440328E
:1032A0007B689B6B4D491343C1F888307B681B6872
:1032B00003F40023002B28D0484BD3F8883023F0A8
:1032C00040627B689B6C45491343C1F888307B683A
:1032D0009B6CB3F1006F06D1404BDB683F4A43F46F
:1032E0008013D36011E07B689B6CB3F1806F0CD1CD
:1032F0007B6804330121184600F072F80346FB7422
:10330000FB7C002B01D0FB7CBB747B681B6803F447
:103310008023002B28D0314BD3F8883023F0406233
:103320007B68DB6C2D491343C1F888307B68DB6C0C
:10333000B3F1006F06D1294BDB68284A43F48013B0
:10334000D36011E07B68DB6CB3F1806F0CD17B68DC
:1033500004330121184600F043F80346FB74FB7C5C
:10336000002B01D0FB7CBB747B681B6803F480439B
:10337000002B1CD0194BD3F8883023F040527B68C7
:103380001B6D16491343C1F888307B681B6DB3F180
:10339000805F0CD17B6804330221184600F020F8CE
:1033A0000346FB74FB7C002B01D0FB7CBB747B6869
:1033B0001B6803F40043002B0AD0084BD3F8883075
:1033C00023F080427B685B6D04491343C1F8883069
:1033D000BB7C18461837BD4680BD00BF00100240B8
:1033E00080B584B000AF786039600023FB73744B04
:1033F000DB6803F00303002B18D0714BDB6803F08C
:1034000003027B681B689A420DD17B681B68002B06
:1034100009D06B4BDB681B0903F007035A1C7B6860
:103420005B689A4247D00123FB7344E07B681B68CA
:10343000032B18D0032B25D8012B02D0022B09D047
:1034400020E05F4B1B6803F00203002B1DD101231A
:10345000FB731AE05A4B1B6803F48063002B16D1F0
:103460000123FB7313E0564B1B6803F40033002B5E
:103470000FD1534B1B6803F48023002B09D1012388
:10348000FB7306E00123FB7304E000BF02E000BF12
:1034900000E000BFFB7B002B0DD1494BDB6823F024
:1034A00073027B6819687B685B68013B1B010B43F7
:1034B00043491343CB60FB7B002B7CD1404B1B6803
:1034C0003F4A23F08063136002F0A0FDB86009E07A
:1034D00002F09CFD0246BB68D31A022B02D90323DB
:1034E000FB7305E0364B1B6803F00063002BEFD144
:1034F000FB7B002B5FD13B68002B10D1304B1B694D
:1035000023F0784323F4FE437A68926811027A68C4
:10351000D268D2060A432A4913430B6127E03B686D
:10352000012B12D1264B1B6923F4C00323F4FE4365
:103530007A68926811027A6812695208013A520553
:103540000A431F4913430B6111E01D4B1B6923F014
:10355000C06323F4FE437A68926811027A68526964
:103560005208013A52060A43154913430B61144BA2
:103570001B68134A43F08063136002F047FDB86094
:1035800009E002F043FD0246BB68D31A022B02D9C0
:103590000323FB7305E00A4B1B6803F00063002B59
:1035A000EFD0FB7B002B06D1054B1A697B689B692A
:1035B000034913430B61FB7B18461037BD4680BDA2
:1035C0000010024080B588B000AF78607B68002BA7
:1035D00002D1012300F002BC964B9B6803F00C0360
:1035E000BB61944BDB6803F003037B617B681B6862
:1035F00003F01003002B00F0E480BB69002B07D020
:10360000BB690C2B40F08B807B69012B40F08780DD
:10361000884B1B6803F00203002B05D07B689B6975
:10362000002B01D10123D9E37B681A6A814B1B6807
:1036300003F00803002B04D07E4B1B6803F0F0035B
:1036400005E07C4BD3F894301B0903F0F003934260
:1036500023D27B681B6A184600F0BCFD0346002B92
:1036600001D00123BAE3734B1B68724A43F008038D
:103670001360704B1B6823F0F0027B681B6A6D4976
:1036800013430B606B4B5B6823F47F427B68DB6901
:103690001B02684913434B6025E0664B1B68654A73
:1036A00043F008031360634B1B6823F0F0027B6850
:1036B0001B6A604913430B605E4B5B6823F47F42D7
:1036C0007B68DB691B025B4913434B60BB69002BC2
:1036D00009D17B681B6A184600F07CFD0346002B6D
:1036E00001D001237AE300F081FC0246514B9B6834
:1036F0001B0903F00F035049CB5C03F01F0322FAB0
:1037000003F34E4A13604E4B1B681846FDF766FDE7
:103710000346FB73FB7B002B52D0FB7B5EE37B6895
:103720009B69002B32D0434B1B68424A43F0010394
:10373000136002F06BFC386108E002F067FC02469F
:103740003B69D31A022B01D9032347E3394B1B688A
:1037500003F00203002BF0D0364B1B68354A43F0D0
:1037600008031360334B1B6823F0F0027B681B6A6D
:10377000304913430B602F4B5B6823F47F427B6817
:10378000DB691B022B4913434B601AE0294B1B6872
:10379000284A23F00103136002F038FC386108E086
:1037A00002F034FC02463B69D31A022B01D90323F1
:1037B00014E3204B1B6803F00203002BF0D100E060
:1037C00000BF7B681B6803F00103002B73D0BB694B
:1037D000082B05D0BB690C2B0ED17B69032B0BD1B9
:1037E000144B1B6803F40033002B63D07B685B68C9
:1037F000002B5FD10123F1E27B685B68B3F5803F6A
:1038000006D10C4B1B680B4A43F48033136025E050
:103810007B685B68B3F5A02F14D1064B1B68054A83
:1038200043F480231360034B1B68024A43F4803344
:10383000136013E0001002400CAE000800000020EE
:1038400004000020A04B1B689F4A23F480331360C0
:103850009D4B1B689C4A23F4802313607B685B6844
:10386000002B13D002F0D2FB386108E002F0CEFB4F
:1038700002463B69D31A642B01D90323AEE2924B73
:103880001B6803F40033002BF0D014E002F0BEFB01
:10389000386108E002F0BAFB02463B69D31A642B98
:1038A00001D903239AE2884B1B6803F40033002BF1
:1038B000F0D100E000BF7B681B6803F00203002B1F
:1038C00060D0BB69042B05D0BB690C2B19D17B6977
:1038D000022B16D17C4B1B6803F48063002B05D0B0
:1038E0007B68DB68002B01D1012377E2764B5B68B4
:1038F00023F0F8527B681B691B06734913434B6026
:1039000040E07B68DB68002B23D06F4B1B686E4A5E
:1039100043F48073136002F079FB386108E002F031
:1039200075FB02463B69D31A022B01D9032355E2EA
:10393000654B1B6803F48063002BF0D0624B5B681F
:1039400023F0F8527B681B691B065F4913434B60E9
:1039500018E05D4B1B685C4A23F48073136002F02F
:1039600055FB386108E002F051FB02463B69D31A6F
:10397000022B01D9032331E2534B1B6803F480630C
:10398000002BF0D17B681B6803F00803002B3CD0B0
:103990007B685B69002B1CD04B4BD3F894304A4AB0
:1039A00043F00103C2F8943002F030FB386108E0C4
:1039B00002F02CFB02463B69D31A022B01D90323E8
:1039C0000CE2414BD3F8943003F00203002BEFD00C
:1039D0001BE03D4BD3F894303B4A23F00103C2F87F
:1039E000943002F013FB386108E002F00FFB02464E
:1039F0003B69D31A022B01D90323EFE1324BD3F8F1
:103A0000943003F00203002BEFD17B681B6803F0B6
:103A10000403002B00F0A6800023FB772A4B9B6D4C
:103A200003F08053002B0DD1274B9B6D264A43F0AA
:103A300080539365244B9B6D03F08053BB60BB6840
:103A40000123FB77214B1B6803F48073002B18D1F3
:103A50001E4B1B681D4A43F48073136002F0D6FAB4
:103A6000386108E002F0D2FA02463B69D31A022B11
:103A700001D90323B2E1154B1B6803F48073002BBB
:103A8000F0D07B689B68012B08D10F4BD3F89030A6
:103A90000D4A43F00103C2F8903029E07B689B682F
:103AA000052B15D1084BD3F89030074A43F0040397
:103AB000C2F89030044BD3F89030034A43F001032E
:103AC000C2F8903014E000BF0010024000700040C7
:103AD0009A4BD3F89030994A23F00103C2F8903002
:103AE000964BD3F89030954A23F00403C2F89030F7
:103AF0007B689B68002B16D002F088FA38610AE0D8
:103B000002F084FA02463B69D31A41F288329342AA
:103B100001D9032362E1894BD3F8903003F002030B
:103B2000002BEDD015E002F071FA38610AE002F0E6
:103B30006DFA02463B69D31A41F28832934201D9A9
:103B400003234BE17D4BD3F8903003F00203002BAD
:103B5000EDD1FB7F012B05D1784B9B6D774A23F08C
:103B6000805393657B681B6803F02003002B3CD0D7
:103B70007B685B6A002B1CD0704BD3F898306F4A7F
:103B800043F00103C2F8983002F040FA386108E0CF
:103B900002F03CFA02463B69D31A022B01D90323F7
:103BA0001CE1664BD3F8983003F00203002BEFD0F2
:103BB0001BE0624BD3F89830604A23F00103C2F84F
:103BC000983002F023FA386108E002F01FFA02464A
:103BD0003B69D31A022B01D90323FFE0574BD3F8DB
:103BE000983003F00203002BEFD17B689B6A002B17
:103BF00000F0F3807B689B6A022B40F0C9804F4B3A
:103C0000DB687B617B6903F003027B68DB6A9A42B5
:103C10002CD17B6903F070027B681B6B013B1B019D
:103C20009A4223D17B6903F4FE427B685B6B1B02E3
:103C30009A421BD17B6903F078427B689B6BDB0661
:103C40009A4213D17B6903F4C0027B68DB6B5B088B
:103C5000013B5B059A4209D17B6903F0C0627B6836
:103C60001B6C5B08013B5B069A426BD0BB690C2B5B
:103C700062D0324B1B6803F08063002B01D001231C
:103C8000ACE02E4B1B682D4A23F08073136002F0CA
:103C9000BDF9386108E002F0B9F902463B69D31A70
:103CA000022B01D9032399E0244B1B6803F0007316
:103CB000002BF0D1214BDA68214B13407A68D16A8E
:103CC0007A68126B013A120111437A68526B120240
:103CD00011437A68D26B5208013A520511437A684F
:103CE000126C5208013A520611437A68926BD2065E
:103CF0000A4312491343CB60104B1B680F4A43F031
:103D0000807313600D4BDB680C4A43F08073D36003
:103D100002F07CF9386108E002F078F902463B696C
:103D2000D31A022B01D9032358E0044B1B6803F07C
:103D30000073002BF0D050E001234FE00010024050
:103D40008C809D01274B1B6803F00073002B44D12E
:103D5000244B1B68234A43F080731360214BDB68BC
:103D6000204A43F08073D36002F050F9386108E0D4
:103D700002F04CF902463B69D31A022B01D9032306
:103D80002CE0184B1B6803F00073002BF0D024E0EC
:103D9000BB690C2B1FD0134B1B68124A23F0807396
:103DA000136002F033F9386108E002F02FF902469F
:103DB0003B69D31A022B01D903230FE0094B1B687F
:103DC00003F00073002BF0D1064BDA680549064B6F
:103DD0001340CB6001E0012300E0002318462037A8
:103DE000BD4680BD00100240FCFFEEFE80B584B0F1
:103DF00000AF786039607B68002B01D10123E7E0D8
:103E0000754B1B6803F007033A689A4210D9724B4E
:103E10001B6823F0070270493B6813430B606E4B2D
:103E20001B6803F007033A689A4201D00123CFE0F0
:103E30007B681B6803F00203002B10D07B689A6834
:103E4000664B9B6803F0F0039A4208D9634B9B686A
:103E500023F0F0027B689B68604913438B607B68AA
:103E60001B6803F00103002B4CD07B685B68032BBD
:103E700007D15A4B1B6803F00073002B21D101239B
:103E8000A6E07B685B68022B07D1544B1B6803F4E8
:103E90000033002B15D101239AE07B685B68002B6F
:103EA00007D14E4B1B6803F00203002B09D10123FD
:103EB0008EE04A4B1B6803F48063002B01D1012381
:103EC00086E0464B9B6823F003027B685B684349AE
:103ED00013438B6002F09AF8F8600AE002F096F85B
:103EE0000246FB68D31A41F28832934201D9032378
:103EF0006EE03A4B9B6803F00C027B685B689B00AA
:103F00009A42EBD17B681B6803F00203002B10D0B0
:103F10007B689A68314B9B6803F0F0039A4208D2A1
:103F20002E4B9B6823F0F0027B689B682B49134360
:103F30008B60294B1B6803F007033A689A4210D242
:103F4000254B1B6823F0070223493B6813430B6092
:103F5000214B1B6803F007033A689A4201D0012302
:103F600036E07B681B6803F00403002B08D01B4B72
:103F70009B6823F4E0627B68DB68184913438B601D
:103F80007B681B6803F00803002B09D0134B9B6868
:103F900023F460527B681B69DB00104913438B607C
:103FA00000F024F802460D4B9B681B0903F00F0339
:103FB0000B49CB5C03F01F0322FA03F3094A136099
:103FC000094B1B681846FDF709F90346FB72FB7A9B
:103FD00018461037BD4680BD002002400010024048
:103FE0000CAE0008000000200400002080B489B05E
:103FF00000AF0023FB610023BB613E4B9B6803F0D5
:104000000C033B613B4BDB6803F00303FB603B6944
:10401000002B05D03B690C2B21D1FB68012B1ED155
:10402000344B1B6803F00803002B07D1314BD3F846
:1040300094301B0A03F00F03FB6105E02D4B1B6856
:104040001B0903F00F03FB612B4AFB6952F8233075
:10405000FB613B69002B0DD1FB69BB610AE03B6949
:10406000042B02D1254BBB6104E03B69082B01D135
:10407000224BBB613B690C2B34D11E4BDB6803F038
:104080000303BB60BB68022B03D0BB68032B03D0C8
:1040900005E01A4B7B6105E0184B7B6102E0FB6990
:1040A0007B6100BF134BDB681B0903F0070301337F
:1040B0007B60104BDB681B0A03F07F037A6903FB0C
:1040C00002F27B68B2FBF3F37B610A4BDB685B0EA9
:1040D00003F0030301335B003B607A693B68B2FB8A
:1040E000F3F3BB61BB6918462437BD465DF8047B1A
:1040F000704700BF0010024024AE00080024F40006
:1041000080B400AF034B1B681846BD465DF8047BC6
:10411000704700BF0000002080B500AFFFF7F0FF40
:104120000246064B9B681B0A03F007030449CB5C5D
:1041300003F01F0322FA03F3184680BD001002406B
:104140001CAE000880B500AFFFF7DAFF0246064B51
:104150009B68DB0A03F007030449CB5C03F01F03F1
:1041600022FA03F3184680BD001002401CAE00087E
:1041700080B483B000AF786039607B680F221A602A
:10418000124B9B6803F003027B685A600F4B9B68DD
:1041900003F0F0027B689A600C4B9B6803F4E062CA
:1041A0007B68DA60094B9B68DB0803F4E0627B689C
:1041B0001A61074B1B6803F007023B681A6000BFD7
:1041C0000C37BD465DF8047B704700BF001002400D
:1041D0000020024080B586B000AF786000233B61CC
:1041E0002A4B9B6D03F08053002B03D0FEF77CFE1F
:1041F000786114E0254B9B6D244A43F0805393650E
:10420000224B9B6D03F08053FB60FB68FEF76CFE56
:1042100078611E4B9B6D1D4A23F0805393657B692B
:10422000B3F5007F0BD17B68802B19D97B68A02B5D
:1042300002D902233B6113E001233B6110E07B685C
:10424000802B02D903233B610AE07B68802B02D1DB
:1042500002233B6104E07B68702B01D101233B61A9
:104260000B4B1B6823F0070209493B6913430B60A2
:10427000074B1B6803F007033A699A4201D00123F8
:1042800000E0002318461837BD4680BD00100240EC
:104290000020024080B485B000AF786039607B6850
:1042A00093F83C30012B01D102234FE07B680122BF
:1042B00083F83C207B68022283F83D207B681B68E2
:1042C0005B68FB607B681B689B68BB607B681B68E6
:1042D000214A934208D1FB6823F47003FB603B68DA
:1042E0005B68FA681343FB60FB6823F07003FB60B4
:1042F0003B681B68FA681343FB607B681B68FA68BD
:104300005A607B681B68144A934209D07B681B681B
:10431000B3F1804F04D07B681B68104A93420CD1E4
:10432000BB6823F08003BB603B689B68BA6813439B
:10433000BB607B681B68BA689A607B68012283F85F
:104340003D207B68002283F83C2000231846143768
:10435000BD465DF8047B7047002C014000400140E1
:1043600080B485B000AF786039600023FB607B6863
:1043700093F83C30012B01D1022360E07B680122DD
:1043800083F83C20FB6823F0FF023B68DB681343A3
:10439000FB60FB6823F440723B689B681343FB603F
:1043A000FB6823F480623B685B681343FB60FB6837
:1043B00023F400623B681B681343FB60FB6823F433
:1043C00080523B681B691343FB60FB6823F4005277
:1043D0003B685B691343FB60FB6823F480423B68E6
:1043E0009B6A1343FB60FB6823F470223B689B6964
:1043F0001B041343FB607B681B68144A934215D16E
:10440000FB6823F470023B685B6A1B051343FB6087
:10441000FB6823F080723B68DB691343FB60FB6839
:1044200023F000723B681B6A1343FB607B681B68C8
:10443000FA685A647B68002283F83C2000231846FF
:104440001437BD465DF8047B704700BF002C014067
:1044500080B483B000AF786000BF0C37BD465DF814
:10446000047B704780B483B000AF786000BF0C3726
:10447000BD465DF8047B704780B483B000AF7860C0
:1044800000BF0C37BD465DF8047B704780B582B035
:1044900000AF78607B68002B01D1012349E07B6885
:1044A00093F83D30DBB2002B06D17B68002283F805
:1044B0003C207868FCF78EFD7B68022283F83D2063
:1044C0007B681A687B6804331946104600F078FD53
:1044D0007B68012283F848207B68012283F83E2014
:1044E0007B68012283F83F207B68012283F840200B
:1044F0007B68012283F841207B68012283F84220F7
:104500007B68012283F843207B68012283F84420E2
:104510007B68012283F845207B68012283F84620CE
:104520007B68012283F847207B68012283F83D20C5
:10453000002318460837BD4680BD000080B485B012
:1045400000AF78607B6893F83D30DBB2012B01D07F
:1045500001233BE07B68022283F83D207B681B68D7
:10456000DA687B681B6842F00102DA607B681B68CE
:10457000194A934209D07B681B68B3F1804F04D07D
:104580007B681B68154A934215D17B681B689A6843
:10459000134B1340FB60FB68062B15D0FB68B3F58B
:1045A000803F11D07B681B681A687B681B6842F0EB
:1045B00001021A6008E07B681B681A687B681B6848
:1045C00042F001021A6000E000BF002318461437D1
:1045D000BD465DF8047B7047002C0140004001405F
:1045E0000700010080B582B000AF78607B68002BC7
:1045F00001D1012349E07B6893F83D30DBB2002B09
:1046000006D17B68002283F83C20786800F041F8EE
:104610007B68022283F83D207B681A687B6804333C
:104620001946104600F0CCFC7B68012283F8482034
:104630007B68012283F83E207B68012283F83F20BB
:104640007B68012283F840207B68012283F84120A7
:104650007B68012283F842207B68012283F8432093
:104660007B68012283F844207B68012283F845207F
:104670007B68012283F846207B68012283F847206B
:104680007B68012283F83D20002318460837BD4689
:1046900080BD80B483B000AF786000BF0C37BD46EA
:1046A0005DF8047B7047000080B584B000AF78608F
:1046B00039603B68002B09D17B6893F83E30DBB250
:1046C000012B14BF01230023DBB23CE03B68042B29
:1046D00009D17B6893F83F30DBB2012B14BF012373
:1046E0000023DBB22FE03B68082B09D17B6893F8ED
:1046F0004030DBB2012B14BF01230023DBB222E0E8
:104700003B680C2B09D17B6893F84130DBB2012B5D
:1047100014BF01230023DBB215E03B68102B09D145
:104720007B6893F84230DBB2012B14BF01230023D6
:10473000DBB208E07B6893F84330DBB2012B14BF97
:1047400001230023DBB2002B01D001237EE03B6874
:10475000002B04D17B68022283F83E2023E03B68D3
:10476000042B04D17B68022283F83F201BE03B68C6
:10477000082B04D17B68022283F8402013E03B68B9
:104780000C2B04D17B68022283F841200BE03B68AC
:10479000102B04D17B68022283F8422003E07B685F
:1047A000022283F843207B681B680122396818467F
:1047B00000F082FF7B681B68264A934209D07B6821
:1047C0001B68254A934204D07B681B68234A9342A6
:1047D00001D1012300E00023002B07D07B681B6878
:1047E0005A6C7B681B6842F400425A647B681B6801
:1047F000184A934209D07B681B68B3F1804F04D0FC
:104800007B681B68144A934215D17B681B689A68C1
:10481000134B1340FB60FB68062B15D0FB68B3F508
:10482000803F11D07B681B681A687B681B6842F068
:1048300001021A6008E07B681B681A687B681B68C5
:1048400042F001021A6000E000BF00231846103752
:10485000BD4680BD002C01400040014000440140A5
:104860000700010080B582B000AF786039607B68D6
:104870001B6800223968184600F01EFF7B681B6821
:10488000394A934209D07B681B68384A934204D066
:104890007B681B68364A934201D1012300E0002364
:1048A000002B17D07B681B681A6A41F21113134062
:1048B000002B0FD17B681B681A6A40F244431340F7
:1048C000002B07D17B681B685A6C7B681B6822F43D
:1048D00000425A647B681B681A6A41F21113134044
:1048E000002B0FD17B681B681A6A40F244431340C7
:1048F000002B07D17B681B681A687B681B6822F055
:1049000001021A603B68002B04D17B68012283F806
:104910003E2023E03B68042B04D17B68012283F80E
:104920003F201BE03B68082B04D17B68012283F801
:10493000402013E03B680C2B04D17B68012283F8F4
:1049400041200BE03B68102B04D17B68012283F8E7
:10495000422003E07B68012283F8432000231846AD
:104960000837BD4680BD00BF002C0140004001401B
:104970000044014080B582B000AF78607B681B685E
:104980001B6903F00203022B22D17B681B68DB68E2
:1049900003F00203022B1BD17B681B686FF002023D
:1049A0001A617B6801221A777B681B689B6903F098
:1049B0000303002B03D0786800F0E3FA05E0786881
:1049C00000F0D5FA786800F0E6FA7B6800221A77E2
:1049D0007B681B681B6903F00403042B22D17B68EE
:1049E0001B68DB6803F00403042B1BD17B681B6886
:1049F0006FF004021A617B6802221A777B681B68D9
:104A00009B6903F44073002B03D0786800F0B9FA77
:104A100005E0786800F0ABFA786800F0BCFA7B68D3
:104A200000221A777B681B681B6903F00803082BB8
:104A300022D17B681B68DB6803F00803082B1BD1BD
:104A40007B681B686FF008021A617B6804221A7782
:104A50007B681B68DB6903F00303002B03D07868D5
:104A600000F08FFA05E0786800F081FA786800F0CD
:104A700092FA7B6800221A777B681B681B6903F037
:104A80001003102B22D17B681B68DB6803F0100336
:104A9000102B1BD17B681B686FF010021A617B68BA
:104AA00008221A777B681B68DB6903F44073002BCC
:104AB00003D0786800F065FA05E0786800F057FAEE
:104AC000786800F068FA7B6800221A777B681B68B8
:104AD0001B6903F00103012B0ED17B681B68DB68A7
:104AE00003F00103012B07D17B681B686FF0010203
:104AF0001A617868FCF74CF87B681B681B6903F047
:104B00008003802B0ED17B681B68DB6803F0800379
:104B1000802B07D17B681B686FF080021A61786870
:104B2000FFF7A0FC7B681B681B6903F48073B3F577
:104B3000807F0ED17B681B68DB6803F08003802BCD
:104B400007D17B681B686FF480721A617868FFF781
:104B500093FC7B681B681B6903F04003402B0ED15C
:104B60007B681B68DB6803F04003402B07D17B6840
:104B70001B686FF040021A61786800F016FA7B68D3
:104B80001B681B6903F02003202B0ED17B681B6878
:104B9000DB6803F02003202B07D17B681B686FF0D4
:104BA00020021A617868FFF753FC00BF0837BD4642
:104BB00080BD000080B586B000AFF860B9607A6053
:104BC0000023FB75FB6893F83C30012B01D10223D5
:104BD000FFE0FB68012283F83C207B68142B00F285
:104BE000F08001A252F823F03D4C0008C34D0008AC
:104BF000C34D0008C34D00087D4C0008C34D00089C
:104C0000C34D0008C34D0008BF4C0008C34D000849
:104C1000C34D0008C34D0008FF4C0008C34D0008F9
:104C2000C34D0008C34D0008414D0008C34D0008A6
:104C3000C34D0008C34D0008814D0008FB681B6888
:104C4000B968184600F020FAFB681B689A69FB688F
:104C50001B6842F008029A61FB681B689A69FB684E
:104C60001B6822F004029A61FB681B689969BB68A3
:104C70001A69FB681B680A439A61A5E0FB681B6818
:104C8000B968184600F07CFAFB681B689A69FB68F3
:104C90001B6842F400629A61FB681B689A69FB68B2
:104CA0001B6822F480629A61FB681B689969BB6883
:104CB0001B691A02FB681B680A439A6184E0FB685F
:104CC0001B68B968184600F0D5FAFB681B68DA69FA
:104CD000FB681B6842F00802DA61FB681B68DA694E
:104CE000FB681B6822F00402DA61FB681B68D96963
:104CF000BB681A69FB681B680A43DA6164E0FB68F9
:104D00001B68B968184600F02DFBFB681B68DA6960
:104D1000FB681B6842F40062DA61FB681B68DA69B1
:104D2000FB681B6822F48062DA61FB681B68D96942
:104D3000BB681B691A02FB681B680A43DA6143E01F
:104D4000FB681B68B968184600F06AFBFB681B68C3
:104D50005A6DFB681B6842F008025A65FB681B68C5
:104D60005A6DFB681B6822F004025A65FB681B68D9
:104D7000596DBB681A69FB681B680A435A6523E0D2
:104D8000FB681B68B968184600F0A2FBFB681B684B
:104D90005A6DFB681B6842F400625A65FB681B6829
:104DA0005A6DFB681B6822F480625A65FB681B68B9
:104DB000596DBB681B691A02FB681B680A435A6578
:104DC00002E00123FB7500BFFB68002283F83C2052
:104DD000FB7D18461837BD4680BD00BF80B584B046
:104DE00000AF786039600023FB737B6893F83C3038
:104DF000012B01D10223B6E07B68012283F83C201D
:104E00007B68022283F83D207B681B689B68BB603F
:104E1000BB6823F4803323F07703BB60BB6823F4C3
:104E20007F43BB607B681B68BA689A603B681B68FD
:104E3000B3F5005F3ED0B3F5005F00F28780B3F5B5
:104E4000805F00F08680B3F5805F7FD8702B1AD02A
:104E5000702B7BD8602B50D0602B77D8502B3CD058
:104E6000502B73D8402B58D0402B6FD8302B64D0A8
:104E7000302B6BD8202B60D0202B67D8002B5CD038
:104E8000102B5AD062E07B6818683B6899683B68D1
:104E90005A683B68DB6800F0EFFB7B681B689B6827
:104EA000BB60BB6843F07703BB607B681B68BA6874
:104EB0009A604FE07B6818683B6899683B685A685D
:104EC0003B68DB6800F0D8FB7B681B689A687B68EE
:104ED0001B6842F480429A603CE07B6818683B683B
:104EE00059683B68DB681A4600F04CFB7B681B681E
:104EF0005021184600F0A5FB2CE07B6818683B6841
:104F000059683B68DB681A4600F06BFB7B681B68DE
:104F10006021184600F095FB1CE07B6818683B6830
:104F200059683B68DB681A4600F02CFB7B681B68FD
:104F30004021184600F085FB0CE07B681A683B684E
:104F40001B681946104600F07CFB03E00123FB734D
:104F500000E000BF7B68012283F83D207B680022CF
:104F600083F83C20FB7B18461037BD4680BD80B4DB
:104F700083B000AF786000BF0C37BD465DF8047B9E
:104F8000704780B483B000AF786000BF0C37BD4677
:104F90005DF8047B704780B483B000AF786000BFD9
:104FA0000C37BD465DF8047B704780B483B000AF1A
:104FB000786000BF0C37BD465DF8047B7047000089
:104FC00080B485B000AF786039607B681B68FB6097
:104FD0007B682A4A934203D07B68B3F1804F08D1A3
:104FE000FB6823F07003FB603B685B68FA6813435F
:104FF000FB607B68214A93420BD07B68B3F1804F02
:1050000007D07B681E4A934203D07B681D4A9342B7
:1050100008D1FB6823F44073FB603B68DB68FA68E7
:105020001343FB60FB6823F080023B685B6913431A
:10503000FB607B68FA681A603B689A687B68DA6292
:105040003B681A687B689A627B680C4A934207D077
:105050007B680B4A934203D07B680A4A934203D190
:105060003B681A697B681A637B6801225A6100BF3A
:105070001437BD465DF8047B704700BF002C01402B
:10508000004001400044014080B487B000AF786028
:1050900039607B681B6A23F001027B681A627B68B7
:1050A0001B6A7B617B685B683B617B689B69FB601B
:1050B000FB6823F4803323F07003FB60FB6823F06C
:1050C0000303FB603B681B68FA681343FB607B6962
:1050D00023F002037B613B689B687A6913437B6121
:1050E0007B68244A934207D07B68234A934203D0CB
:1050F0007B68224A93420CD17B6923F008037B61D1
:105100003B68DB687A6913437B617B6923F00403A6
:105110007B617B68174A934207D07B68164A9342AB
:1051200003D07B68154A934211D13B6923F4807305
:105130003B613B6923F400733B613B685B693A69FF
:1051400013433B613B689B693A6913433B617B684E
:105150003A695A607B68FA689A613B685A687B686A
:105160005A637B687A691A6200BF1C37BD465DF8D6
:10517000047B7047002C0140004001400044014086
:1051800080B487B000AF786039607B681B6A23F019
:1051900010027B681A627B681B6A7B617B685B68B4
:1051A0003B617B689B69FB60FB6823F0807323F4A1
:1051B000E043FB60FB6823F44073FB603B681B68C3
:1051C0001B02FA681343FB607B6923F020037B61B9
:1051D0003B689B681B017A6913437B617B68224AA9
:1051E00093420DD17B6923F080037B613B68DB68D0
:1051F0001B017A6913437B617B6923F040037B6168
:105200007B68194A934207D07B68184A934203D0BF
:105210007B68174A934213D13B6923F480633B6157
:105220003B6923F400633B613B685B699B003A691F
:1052300013433B613B689B699B003A6913433B61A5
:105240007B683A695A607B68FA689A613B685A6879
:105250007B689A637B687A691A6200BF1C37BD4617
:105260005DF8047B704700BF002C01400040014006
:105270000044014080B487B000AF786039607B683B
:105280001B6A23F480727B681A627B681B6A7B61ED
:105290007B685B683B617B68DB69FB60FB6823F4D0
:1052A000803323F07003FB60FB6823F00303FB6093
:1052B0003B681B68FA681343FB607B6923F4007347
:1052C0007B613B689B681B027A6913437B617B6847
:1052D000214A93420DD17B6923F400637B613B68D3
:1052E000DB681B027A6913437B617B6923F480636B
:1052F0007B617B68184A934207D07B68174A9342C8
:1053000003D07B68164A934213D13B6923F4805340
:105310003B613B6923F400533B613B685B691B01C4
:105320003A6913433B613B689B691B013A6913432C
:105330003B617B683A695A607B68FA68DA613B686E
:105340005A687B68DA637B687A691A6200BF1C3727
:10535000BD465DF8047B7047002C014000400140D1
:105360000044014080B487B000AF786039607B684A
:105370001B6A23F480527B681A627B681B6A3B615C
:105380007B685B687B617B68DB69FB60FB6823F0A3
:10539000807323F4E043FB60FB6823F44073FB60FD
:1053A0003B681B681B02FA681343FB603B6923F4EC
:1053B00000533B613B689B681B033A6913433B61A5
:1053C0007B68144A934207D07B68134A934203D008
:1053D0007B68124A934209D17B6923F480437B6145
:1053E0003B685B699B017A6913437B617B687A69DF
:1053F0005A607B68FA68DA613B685A687B681A64AD
:105400007B683A691A6200BF1C37BD465DF8047BB1
:10541000704700BF002C01400040014000440140A3
:1054200080B487B000AF786039607B681B6A23F472
:1054300080327B681A627B681B6A3B617B685B68B1
:105440007B617B685B6DFB60FB6823F4803323F03A
:105450007003FB603B681B68FA681343FB603B69A1
:1054600023F400333B613B689B681B043A69134398
:105470003B617B68134A934207D07B68124A934290
:1054800003D07B68114A934209D17B6923F48033AE
:105490007B613B685B691B027A6913437B617B68B4
:1054A0007A695A607B68FA685A653B685A687B6813
:1054B0009A657B683A691A6200BF1C37BD465DF881
:1054C000047B7047002C0140004001400044014033
:1054D00080B487B000AF786039607B681B6A23F4C2
:1054E00080127B681A627B681B6A3B617B685B6821
:1054F0007B617B685B6DFB60FB6823F0807323F44A
:10550000E043FB603B681B681B02FA681343FB60C7
:105510003B6923F400133B613B689B681B053A69B8
:1055200013433B617B68144A934207D07B68134A5C
:10553000934203D07B68124A934209D17B6923F4DA
:1055400080237B613B685B699B027A6913437B61C3
:105550007B687A695A607B68FA685A653B685A6862
:105560007B68DA657B683A691A6200BF1C37BD4602
:105570005DF8047B704700BF002C014000400140F3
:105580000044014080B487B000AFF860B9607A6031
:10559000FB681B6A7B61FB681B6A23F00102FB68E6
:1055A0001A62FB689B693B613B6923F0F0033B6136
:1055B0007B681B013A6913433B617B6923F00A0353
:1055C0007B617A69BB6813437B61FB683A699A61C6
:1055D000FB687A691A6200BF1C37BD465DF8047B20
:1055E000704780B487B000AFF860B9607A60FB683C
:1055F0001B6A23F01002FB681A62FB689B697B61DF
:10560000FB681B6A3B617B6923F470437B617B68A9
:105610001B037A6913437B613B6923F0A0033B6161
:10562000BB681B013A6913433B61FB687A699A6165
:10563000FB683A691A6200BF1C37BD465DF8047BFF
:10564000704780B485B000AF786039607B689B6834
:10565000FB60FB6823F07003FB603A68FB68134350
:1056600043F00703FB607B68FA689A6000BF143759
:10567000BD465DF8047B704780B487B000AFF8602A
:10568000B9607A603B60FB689B687B617B6923F44F
:105690007F437B613B681A027B681A43BB681343F4
:1056A0007A6913437B61FB687A699A6000BF1C3793
:1056B000BD465DF8047B704780B487B000AFF860EA
:1056C000B9607A60BB6803F01F03012202FA03F39A
:1056D0007B61FB681A6A7B69DB431A40FB681A62CC
:1056E000FB681A6ABB6803F01F03796801FA03F3C9
:1056F0001A43FB681A6200BF1C37BD465DF8047B85
:10570000704780B582B000AF78607B68002B01D114
:10571000012340E07B689B6F002B06D17B68002251
:1057200083F874207868FBF701FD7B6824229A6770
:105730007B681B681A687B681B6822F001021A608C
:10574000786800F02DF80346012B01D1012322E0F7
:105750007B685B6A002B02D0786800F07BFA7B687C
:105760001B685A687B681B6822F490425A607B6809
:105770001B689A687B681B6822F02A029A607B6823
:105780001B681A687B681B6842F001021A6078681F
:1057900000F002FB034618460837BD4680BD0000F6
:1057A0002DE9B04F8AB000AFF860002387F82230AF
:1057B000FB689A68FB681B691A43FB685B691A43BC
:1057C000FB68DB6913437B62FB681B681A689E4BAE
:1057D0001340FA681268796A0B431360FB681B6810
:1057E0005B6823F44051FB68DA68FB681B680A4376
:1057F0005A60FB689B697B62FB681B68934A934213
:1058000004D0FB681B6A7A6A13437B62FB681B68DF
:105810009B6823F43061FB681B687A6A0A439A60CC
:10582000FB681B688A4A934226D18A4BD3F888309A
:1058300003F00303032B1BD801A252F823F000BF8F
:105840005158000861580008595800086958000864
:10585000012387F82330ABE0022387F82330A7E049
:10586000042387F82330A3E0082387F823309FE040
:10587000102387F823309BE0FB681B68764A93422D
:1058800038D1744BD3F8883003F00C030C2B2DD88F
:1058900001A252F823F000BFCD580008ED580008CF
:1058A000ED580008ED580008DD580008ED580008D4
:1058B000ED580008ED580008D5580008ED580008CC
:1058C000ED580008ED580008E5580008002387F857
:1058D00023306DE0022387F8233069E0042387F842
:1058E000233065E0082387F8233061E0102387F830
:1058F00023305DE0FB681B68584A934225D1554B25
:10590000D3F8883003F03003302B16D0302B18D862
:10591000202B0AD0202B14D8002B02D0102B08D01B
:105920000FE0002387F8233042E0022387F823307A
:105930003EE0042387F823303AE0082387F8233039
:1059400036E0102387F8233032E0FB681B683F4ABB
:1059500093422AD13F4BD3F8883003F44063B3F528
:10596000406F1AD0B3F5406F1BD8B3F5006F0CD061
:10597000B3F5006F15D8002B03D0B3F5806F08D0B6
:105980000FE0002387F8233012E0022387F823304A
:105990000EE0042387F823300AE0082387F8233039
:1059A00006E0102387F8233002E0102387F8233025
:1059B000FB681B68254A934240F08A8097F82330A1
:1059C000082B24D801A252F823F000BFF159000897
:1059D0000F5A0008F95900080F5A0008FF5900082B
:1059E0000F5A00080F5A00080F5A0008075A0008FB
:1059F000FEF792FBF86110E0194BFB610DE0FEF73A
:105A0000F5FAF86109E04FF40043FB6105E000237B
:105A1000FB61012387F8223000BFFB69002B00F0F7
:105A20000981FB685A6813465B001344FA699A427D
:105A300005D3FB685B681B03FA699A4212D90123FC
:105A400087F82230F6E000BFF369FFEF00800040E6
:105A5000003801400010024000440040004800406F
:105A60000024F400FB6900221C4615464FF000029A
:105A70004FF000032B0243EA14632202F9684968DD
:105A8000490800208846814612EB080A43EB090BBF
:105A9000FB685B6800223B607A60D7E900235046D0
:105AA0005946FAF795FB02460B461346BB61BB69A4
:105AB000B3F5407F08D3BB69B3F5801F04D2FB6800
:105AC0001B68BA69DA60B5E0012387F82230B1E0DB
:105AD000FB68DB69B3F5004F5DD197F82330082BE5
:105AE00027D801A252F823F00D5B0008155B0008CF
:105AF0001D5B0008335B0008235B0008335B000874
:105B0000335B0008335B00082B5B0008FEF704FBE7
:105B1000F86114E0FEF716FBF86110E04C4BFB61F6
:105B20000DE0FEF763FAF86109E04FF40043FB6112
:105B300005E00023FB61012387F8223000BFFB69E9
:105B4000002B77D0FB695A00FB685B685B081A443E
:105B5000FB685B68B2FBF3F3BB61BB690F2B16D923
:105B6000BB69B3F5803F12D2BB699BB223F00F0330
:105B7000FB82BB695B089BB203F007039AB2FB8A06
:105B80001343FB82FB681B68FA8ADA6052E0012348
:105B900087F822304EE097F82330082B27D801A24F
:105BA00052F823F0C95B0008D15B0008D95B0008FC
:105BB000EF5B0008DF5B0008EF5B0008EF5B0008AD
:105BC000EF5B0008E75B0008FEF7A6FAF86114E057
:105BD000FEF7B8FAF86110E01D4BFB610DE0FEF72F
:105BE00005FAF86109E04FF40043FB6105E000238A
:105BF000FB61012387F8223000BFFB69002B19D01D
:105C0000FB685B685A08FB691A44FB685B68B2FB77
:105C1000F3F3BB61BB690F2B09D9BB69B3F5803FB7
:105C200005D2BB699AB2FB681B68DA6002E0012307
:105C300087F82230FB6800225A66FB6800229A66C9
:105C400097F8223018462837BD46BDE8B08F00BF10
:105C50000024F40080B483B000AF78607B685B6A96
:105C600003F00103002B0AD07B681B685B6823F4F8
:105C700000317B689A6A7B681B680A435A607B68BC
:105C80005B6A03F00203002B0AD07B681B685B6829
:105C900023F480317B68DA6A7B681B680A435A60A8
:105CA0007B685B6A03F00403002B0AD07B681B68E7
:105CB0005B6823F480217B681A6B7B681B680A434E
:105CC0005A607B685B6A03F00803002B0AD07B688C
:105CD0001B685B6823F400417B685A6B7B681B6818
:105CE0000A435A607B685B6A03F01003002B0AD0FA
:105CF0007B681B689B6823F480517B689A6B7B6888
:105D00001B680A439A607B685B6A03F02003002BE0
:105D10000AD07B681B689B6823F400517B68DA6BB0
:105D20007B681B680A439A607B685B6A03F04003E8
:105D3000002B1AD07B681B685B6823F480117B689A
:105D40001A6C7B681B680A435A607B681B6CB3F54E
:105D5000801F0AD17B681B685B6823F4C0017B68E5
:105D60005A6C7B681B680A435A607B685B6A03F065
:105D70008003002B0AD07B681B685B6823F400213A
:105D80007B689A6C7B681B680A435A6000BF0C37BB
:105D9000BD465DF8047B704780B586B002AF786081
:105DA0007B680022C3F8802000F030F9F8607B683F
:105DB0001B681B6803F00803082B0ED16FF07E43AD
:105DC0000093FB6800224FF40011786800F02DF872
:105DD0000346002B01D0032323E07B681B681B686C
:105DE00003F00403042B0ED16FF07E430093FB6895
:105DF00000224FF48001786800F017F80346002B6A
:105E000001D003230DE07B6820229A677B68202263
:105E1000DA677B6800221A667B68002283F87420A8
:105E2000002318461037BD4680BD80B59CB000AF3A
:105E3000F860B9603B601346FB71A5E0BB6FB3F13E
:105E4000FF3F00F0A18000F0E1F802463B68D31A62
:105E5000BA6F9A4202D3BB6F002B3ED1FB681B681E
:105E60003B653B6D53E8003FFB64FB6C23F4D07350
:105E70007B66FB681B681A467B6EFB65BA65B96D6D
:105E8000FA6D41E800237B657B6D002BE6D1FB6852
:105E90001B680833FB63FB6B53E8003FBB63BB6BC2
:105EA00023F001033B66FB681B6808333A6EBA6453
:105EB0007B64796CBA6C41E800233B643B6C002B3B
:105EC000E5D1FB6820229A67FB682022DA67FB682D
:105ED000002283F87420032367E0FB681B681B68BB
:105EE00003F00403002B4FD0FB681B68DB6903F44D
:105EF0000063B3F5006F47D1FB681B684FF4006285
:105F00001A62FB681B68BB62BB6A53E8003F7B6296
:105F10007B6A23F4D073FB66FB681B681A46FB6E32
:105F20007B633A63396B7A6B41E80023FB62FB6A5F
:105F3000002BE6D1FB681B6808337B617B6953E863
:105F4000003F3B613B6923F00103BB66FB681B68B4
:105F50000833BA6E3A62FB61F9693A6A41E8002394
:105F6000BB61BB69002BE5D1FB6820229A67FB6807
:105F70002022DA67FB682022C3F88020FB68002219
:105F800083F87420032310E0FB681B68DA69BB68A0
:105F90001340BA689A420CBF01230023DBB21A46B1
:105FA000FB799A423FF44AAF002318467037BD464A
:105FB00080BD80B582B000AF0023FB710320FCF7E9
:105FC000B2FD0F20FBF70AF90346002B02D0012394
:105FD000FB7101E0FAF72CFFFB7918460837BD4644
:105FE00080BD000080B400AF064B1B781A46064BFC
:105FF0001B681344044A136000BFBD465DF8047B70
:10600000704700BF08000020C402002080B400AF29
:10601000034B1B681846BD465DF8047B704700BF04
:10602000C402002080B483B000AF03463960FB7126
:1060300097F90730002B0ADB3B68DAB20C4997F975
:1060400007301201D2B20B4483F800230AE03B6808
:10605000DAB20849FB7903F00F03043B1201D2B214
:106060000B441A7600BF0C37BD465DF8047B7047C1
:1060700000E100E000ED00E080B500AF054B1B68DB
:1060800002F068FE0346012B01D000F0EDFD00BFD9
:1060900080BD00BF10E000E080B500AF00216FF0D0
:1060A0000400FFF7BFFF00BF80BD000080B483B0D5
:1060B00000AFEFF305833B603B68002B03D06FF02C
:1060C00005037B600CE00A4B1B68002B05D1084BD5
:1060D00001221A6000237B6002E04FF0FF337B60F7
:1060E0007B6818460C37BD465DF8047B704700BFDF
:1060F000C802002080B582B000AFEFF305833B609B
:106100003B68002B03D06FF005037B6010E00B4B66
:106110001B68012B09D1FFF7BFFF084B02221A6051
:1061200002F08EF900237B6002E04FF0FF337B60CA
:106130007B6818460837BD4680BD00BFC8020020F6
:1061400080B58EB004AFF860B9607A6000233B611F
:10615000EFF305837B617B69002B7ED1FB68002B0D
:106160007BD080233B621823FB6100237B624FF0CE
:10617000FF33BB617B68002B45D07B681B68002B1D
:1061800002D07B681B687B627B689B69002B02D016
:106190007B689B69FB61FB69002B08D0FB69382B8E
:1061A00005D87B685B6803F00103002B01D0002356
:1061B00054E07B685B69002B03D07B685B699B08BC
:1061C0003B627B689B68002B0ED07B68DB68AF2B43
:1061D0000AD97B681B69002B06D07B685B69002BA2
:1061E00002D00123BB6110E07B689B68002B0CD1BF
:1061F0007B68DB68002B08D17B681B69002B04D10E
:106200000023BB6101E00023BB61BB69012B10D1FE
:106210007B681B697A68926802920193FB6900931C
:10622000BB683A6A796AF86801F018FF03463B6177
:1062300013E0BB69002B10D13B6A9AB207F110033F
:106240000193FB690093BB68796AF86801F063FF0A
:106250000346012B01D000233B613B6918462837D8
:10626000BD4680BD80B584B000AF7860EFF3058394
:10627000BB60BB68002B03D06FF00503FB6007E039
:106280000023FB607B68002B02D0786802F0A4F842
:10629000FB6818461037BD4680BD80B588B000AF9A
:1062A00078600023FB61EFF30583BB60BB68002BC4
:1062B00074D17B68002B03D07B685B68BB6101E015
:1062C0000023BB61BB6903F00103002B02D0012353
:1062D0007B6101E000237B61BB6903F00803002BB5
:1062E0005CD14FF0FF333B617B68002B15D07B689E
:1062F0009B68002B06D07B68DB684F2B02D90123FB
:106300003B610CE07B689B68002B08D17B68DB68F5
:10631000002B04D100233B6101E000233B613B697A
:10632000012B12D17B69002B07D07B689B68194633
:10633000042001F082F8F86116E07B689B6819463A
:10634000012001F07AF8F8610EE03B69002B0BD1D7
:106350007B69002B04D0042001F057F8F86103E0BA
:10636000012001F052F8F861FB69002B0CD07B682A
:10637000002B03D07B681B68FB6001E00023FB60FF
:10638000F968F86901F00CFEFB69002B06D07B6907
:10639000002B03D0FB6943F00103FB61FB69184646
:1063A0002037BD4680BD80B586B000AF78603960CB
:1063B0007B6823F001033B617B6803F00103FB6012
:1063C00000237B61EFF30583BB60BB68002B03D028
:1063D0006FF005037B612CE03B69002B03D16FF06C
:1063E00003037B6125E0FB68002B11D03968386915
:1063F00001F072F80346012B1BD03B68002B03D041
:106400006FF001037B6114E06FF002037B6110E029
:106410003968386901F010FB0346012B09D03B684D
:10642000002B03D06FF001037B6102E06FF00203E9
:106430007B617B6918461837BD4680BD80B586B044
:1064400000AF78607B6823F001033B617B6803F059
:106450000103FB6000237B61EFF30583BB60BB6836
:10646000002B03D06FF005037B611FE03B69002B1D
:1064700003D16FF003037B6118E0FB68002B09D0A8
:10648000386900F0F5FF0346012B0FD06FF00203CF
:106490007B610BE0002300220021386901F052F8F3
:1064A0000346012B02D06FF002037B617B69184623
:1064B0001837BD4680BD80B58AB002AFF860B960BC
:1064C0007A600023FB61EFF305833B613B69002B9E
:1064D0005FD1FB68002B5CD0BB68002B59D04FF01C
:1064E000FF33BB617B68002B29D07B689B68002B46
:1064F00012D07B68DB684F2B0ED97B681B69002BA1
:106500000AD07B685A69FB68B96801FB03F39A42B9
:1065100002D30123BB6114E07B689B68002B10D180
:106520007B68DB68002B0CD17B681B69002B08D1D2
:106530007B685B69002B04D10023BB6101E0002371
:10654000BB61BB69012B0BD17B681A697B689B68B7
:1065500000210091B968F86800F068FEF86108E071
:10656000BB69002B05D10022B968F86800F0D6FE9F
:10657000F861FB69002B0CD07B68002B03D07B6893
:106580001B687B6101E000237B617969F86901F098
:1065900007FDFB6918462037BD4680BD80B588B031
:1065A00000AFF860B9603B601346FB71FB68BB61EC
:1065B0000023FB61EFF305837B617B69002B28D00F
:1065C000BB69002B05D0BB68002B02D03B68002BB9
:1065D00003D06FF00303FB6138E000233B6107F158
:1065E00010020023B968B86901F0AAF80346012B2C
:1065F00003D06FF00203FB6128E03B69002B25D03C
:10660000154B4FF080521A60BFF34F8FBFF36F8F5F
:106610001CE0BB69002B02D0BB68002B03D16FF0DC
:106620000303FB6112E000233A68B968B86900F01F
:1066300089FF0346012B09D03B68002B03D06FF084
:106640000103FB6102E06FF00203FB61FB69184686
:106650002037BD4680BD00BF04ED00E080B588B0A6
:1066600000AFF860B9607A603B60FB68BB610023F3
:10667000FB61EFF305837B617B69002B28D0BB694D
:10668000002B05D0BB68002B02D03B68002B03D049
:106690006FF00303FB6137E000233B6107F1100358
:1066A0001A46B968B86901F0D3FA0346012B03D042
:1066B0006FF00203FB6127E03B69002B24D0154BF0
:1066C0004FF080521A60BFF34F8FBFF36F8F1BE004
:1066D000BB69002B02D0BB68002B03D16FF0030312
:1066E000FB6111E03A68B968B86901F0C5F8034682
:1066F000012B09D03B68002B03D06FF00103FB6135
:1067000002E06FF00203FB61FB6918462037BD46CB
:1067100080BD00BF04ED00E080B485B000AFF8603C
:10672000B9607A60FB68074A1A60BB68064A1A605B
:106730007B6880221A6000BF1437BD465DF8047B79
:10674000704700BFCC0200207C03002080B485B0DD
:1067500000AFF860B9607A60FB68074A1A60BB68EE
:10676000064A1A607B684FF480721A6000BF1437C3
:10677000BD465DF8047B70477C0500202C06002098
:1067800080B483B000AF78607B6803F108027B6857
:106790005A607B684FF0FF329A607B6803F1080211
:1067A0007B68DA607B6803F108027B681A617B68AA
:1067B00000221A6000BF0C37BD465DF8047B7047AD
:1067C00080B483B000AF78607B6800221A6100BF9C
:1067D0000C37BD465DF8047B704780B485B000AFD0
:1067E000786039607B685B68FB603B68FA685A6078
:1067F000FB689A683B689A60FB689B683A685A60D5
:10680000FB683A689A603B687A681A617B681B6823
:106810005A1C7B681A6000BF1437BD465DF8047BC4
:10682000704780B485B000AF786039603B681B6802
:10683000BB60BB68B3F1FF3F03D17B681B69FB60A2
:106840000CE07B680833FB6002E0FB685B68FB6080
:10685000FB685B681B68BA689A42F6D2FB685A68A4
:106860003B685A603B685B683A689A603B68FA68C4
:106870009A60FB683A685A603B687A681A617B687C
:106880001B685A1C7B681A6000BF1437BD465DF850
:10689000047B704780B485B000AF78607B681B696B
:1068A000FB607B685B687A6892689A607B689B682B
:1068B0007A6852685A60FB685B687A689A4203D1CA
:1068C0007B689A68FB685A607B6800221A61FB68E3
:1068D0001B685A1EFB681A60FB681B681846143751
:1068E000BD465DF8047B704780B485B000AFF860AA
:1068F000B9607A60FB68043BFB60FB684FF0807214
:106900001A60FB68043BFB60BB6823F00102FB6874
:106910001A60FB68043BFB600C4AFB681A60FB686A
:10692000143BFB607A68FB681A60FB68043BFB6001
:10693000FB686FF002021A60FB68203BFB60FB689B
:1069400018461437BD465DF8047B7047516900084E
:1069500080B485B000AF00237B60124B1B68B3F19D
:10696000FF3F0AD04FF0500383F31188BFF36F8FBE
:10697000BFF34F8FFB6000BFFEE74FF0500383F380
:106980001188BFF36F8FBFF34F8FBB6000BF00BF95
:106990007B68002BFCD000BF00BF1437BD465DF8FC
:1069A000047B70470C000020000000000000000085
:1069B000074B19680868B0E8F04F80F30988BFF307
:1069C0006F8F4FF0000080F311887047AFF30080A5
:1069D000B458002000BF00BF08480068006880F37A
:1069E00008884FF0000080F3148862B661B6BFF3E8
:1069F0004F8FBFF36F8F00DF00BF00BF08ED00E0D7
:106A000080B586B000AF464B1B68464A93420AD118
:106A10004FF0500383F31188BFF36F8FBFF34F8F95
:106A20003B6100BFFEE73E4B1B683F4A93420AD1E1
:106A30004FF0500383F31188BFF36F8FBFF34F8F75
:106A4000FB6000BFFEE7394B7B617B691B78DBB2E3
:106A50007B607B69FF221A707B691B78DBB2FB705D
:106A6000FB78DBB203F05003DAB2314B1A70314BD2
:106A700007221A6009E02F4B1B68013B2D4A136067
:106A8000FB78DBB25B00DBB2FB70FB78DBB203F0C0
:106A90008003802BEFD0274B1B68C3F10703042B27
:106AA0000AD04FF0500383F31188BFF36F8FBFF309
:106AB0004F8FBB6000BFFEE71E4B1B681B021D4AC9
:106AC00013601C4B1B6803F4E0631A4A13607B6875
:106AD000DAB27B691A70184B1B68174A43F47003CB
:106AE0001360154B1B68144A43F07043136000F0A9
:106AF000DDF8124B00221A6000F0FCF8104B1B6806
:106B00000F4A43F040431360FFF766FF01F080FE39
:106B1000FFF71EFF002318461837BD4680BD00BF93
:106B200000ED00E071C20F4170C20F4100E400E0CF
:106B30002C0A0020300A002020ED00E00C0000208C
:106B400034EF00E080B483B000AF4FF0500383F324
:106B50001188BFF36F8FBFF34F8F7B6000BF0F4B68
:106B60001B6801330D4A13600C4B1B68012B0FD1BE
:106B70000B4B1B68DBB2002B0AD04FF0500383F3A2
:106B80001188BFF36F8FBFF34F8F3B6000BFFEE7ED
:106B900000BF0C37BD465DF8047B70470C00002039
:106BA00004ED00E080B483B000AF124B1B68002BF3
:106BB0000AD14FF0500383F31188BFF36F8FBFF3F7
:106BC0004F8F7B6000BFFEE70A4B1B68013B094A01
:106BD0001360084B1B68002B05D100233B603B680A
:106BE00083F3118800BF00BF0C37BD465DF8047BFE
:106BF000704700BF0C0000200000000000000000F3
:106C0000EFF30980BFF36F8F154B1A681EF0100F5A
:106C100008BF20ED108A20E9F04F10602DE909002F
:106C20004FF0500080F31188BFF34F8FBFF36F8F89
:106C300001F0EEFD4FF0000080F3118809BC1968E7
:106C40000868B0E8F04F1EF0100F08BFB0EC108AD3
:106C500080F30988BFF36F8F704700BFAFF30080E8
:106C6000B458002000BF00BF80B582B000AF4FF025
:106C7000500383F31188BFF36F8FBFF34F8F7B6097
:106C800000BF01F00BFD0346002B03D0064B4FF075
:106C900080521A6000233B603B6883F3118800BF79
:106CA00000BF0837BD4680BD04ED00E080B400AFF2
:106CB0000B4B00221A600B4B00221A600A4B1B6818
:106CC0000A4AA2FB03239B09094A013B1360044BB8
:106CD00007221A6000BFBD465DF8047B704700BF05
:106CE00010E000E018E000E000000020D34D62104A
:106CF00014E000E0DFF80C00016841F4700101606D
:106D0000704700BF88ED00E080B485B000AFEFF3BE
:106D10000583FB60FB680F2B14D9174AFB681344EB
:106D20001B78FB72154B1B78FA7A9A420AD24FF005
:106D3000500383F31188BFF36F8FBFF34F8F7B60D6
:106D400000BFFEE70E4B1B6803F4E0620D4B1B68AF
:106D50009A420AD94FF0500383F31188BFF36F8F23
:106D6000BFF34F8F3B6000BFFEE700BF1437BD4647
:106D70005DF8047B704700BFF0E300E02C0A0020C0
:106D80000CED00E0300A002080B58AB000AF7860DA
:106D90000023FB6101F0C6FB5B4B1B68002B01D19C
:106DA00000F020F9594B1A687B681340002B40F023
:106DB00093807B68002B1DD008227B6813447B6086
:106DC0007B6803F00703002B14D07B6823F00703D4
:106DD00008337B607B6803F00703002B0AD04FF079
:106DE000500383F31188BFF36F8FBFF34F8F7B6125
:106DF00000BFFEE77B68002B6ED0454B1B687A68AE
:106E00009A4269D8434B3B62424B1B687B6204E069
:106E10007B6A3B627B6A1B687B627B6A5B687A6821
:106E20009A4203D97B6A1B68002BF1D1364B1B6851
:106E30007A6A9A4250D03B6A1B6808221344FB616D
:106E40007B6A1A683B6A1A607B6A5A687B68D21A46
:106E500008235B009A421FD97A6A7B681344BB619E
:106E6000BB6903F00703002B0AD04FF0500383F3F4
:106E70001188BFF36F8FBFF34F8F3B6100BFFEE7F9
:106E80007B6A5A687B68D21ABB695A607B6A7A68E7
:106E90005A60B86900F008F91D4B1A687B6A5B6894
:106EA000D31A1B4A13601A4B1A681B4B1B689A4271
:106EB00003D2174B1B68184A13607B6A5A68134B3E
:106EC0001B681A437B6A5A607B6A00221A60134B64
:106ED0001B680133114A136001F032FBFB6903F0B8
:106EE0000703002B0AD04FF0500383F31188BFF340
:106EF0006F8FBFF34F8FFB6000BFFEE7FB69184643
:106F00002837BD4680BD00BF5C5800207058002067
:106F10006058002054580020645800206858002011
:106F200080B586B000AF78607B687B617B68002BA2
:106F30004DD008235B427A6913447B617B693B61D6
:106F40003B695A68244B1B681340002B0AD14FF051
:106F5000500383F31188BFF36F8FBFF34F8FFB6034
:106F600000BFFEE73B691B68002B0AD04FF05003BF
:106F700083F31188BFF36F8FBFF34F8FBB6000BFE8
:106F8000FEE73B695A68144B1B681340002B1ED068
:106F90003B691B68002B1AD13B695A680E4B1B6872
:106FA000DB431A403B695A6001F0BCFA3B695A68FE
:106FB0000A4B1B681344094A1360386900F074F8DF
:106FC000074B1B680133064A136001F0B9FA00BF92
:106FD0001837BD4680BD00BF7058002060580020A3
:106FE0006C58002080B485B000AF44F62063BB60CD
:106FF000274BFB60FB6803F00703002B0CD0FB68FA
:107000000733FB60FB6823F00703FB60BA68FB688B
:10701000D31A1F4A1344BB60FB687B601D4A7B6820
:1070200013601C4B00225A607B68BA681344FB60F3
:107030000822FB689B1AFB60FB6823F00703FB60D8
:10704000FB68154A1360144B1B6800225A60124BF0
:107050001B6800221A607B683B603B68FA68D21AA2
:107060003B685A600C4B1A683B681A603B685B6867
:107070000A4A13603B685B68094A1360094B4FF08A
:1070800000421A6000BF1437BD465DF8047B7047AC
:10709000340A0020545800205C5800206458002016
:1070A000605800207058002080B485B000AF786030
:1070B000284BFB6002E0FB681B68FB60FB681B68F9
:1070C0007A689A42F7D8FB68BB60FB685B68BA686D
:1070D00013447A689A4208D1FB685A687B685B68F7
:1070E0001A44FB685A60FB687B607B68BB607B6806
:1070F0005B68BA681A44FB681B689A4218D1FB683F
:107100001A68154B1B689A420DD07B685A68FB6859
:107110001B685B681A447B685A60FB681B681A68C6
:107120007B681A6008E00C4B1A687B681A6003E001
:10713000FB681A687B681A60FA687B689A4202D01A
:10714000FB687A681A6000BF1437BD465DF8047B9F
:10715000704700BF545800205C58002080B584B0B0
:1071600000AF786039607B68FB60FB68002B0AD158
:107170004FF0500383F31188BFF36F8FBFF34F8F2E
:10718000BB6000BFFEE7FFF7DDFCFB681A68FB6829
:10719000DB6BF968096C01FB03F31A44FB689A6026
:1071A000FB6800229A63FB681A68FB685A60FB68F8
:1071B0001A68FB68DB6B013BF968096C01FB03F3A0
:1071C0001A44FB68DA60FB68FF2283F84420FB68FE
:1071D000FF2283F845203B68002B14D1FB681B6914
:1071E000002B1AD0FB681033184601F0E1FB034670
:1071F000002B12D00C4B4FF080521A60BFF34F8F10
:10720000BFF36F8F09E0FB6810331846FFF7B8FA39
:10721000FB6824331846FFF7B3FAFFF7C3FC0123DA
:1072200018461037BD4680BD04ED00E080B58EB035
:1072300002AFF860B9607A603B60FB68002B0AD14E
:107240004FF0500383F31188BFF36F8FBFF34F8F5D
:10725000BB6200BFFEE73B68002B0AD14FF0500332
:1072600083F31188BFF36F8FBFF34F8F7B6200BF33
:10727000FEE77B68002B02D0BB68002B01D0012306
:1072800000E00023002B0AD14FF0500383F3118854
:10729000BFF36F8FBFF34F8F3B6200BFFEE77B688A
:1072A000002B02D1BB68002B01D1012300E0002399
:1072B000002B0AD14FF0500383F31188BFF36F8F77
:1072C000BFF34F8FFB6100BFFEE750237B617B69FB
:1072D000502B0AD04FF0500383F31188BFF36F8F08
:1072E000BFF34F8FBB6100BFFEE77B693B68FB626A
:1072F000FB6A002B0DD0FB6A012283F8462097F829
:107300003820FB6A009313467A68B968F86800F081
:107310003FF8FB6A18463037BD4680BD80B58AB05D
:1073200002AFF860B9601346FB71FB68002B0AD10D
:107330004FF0500383F31188BFF36F8FBFF34F8F6C
:107340003B6100BFFEE7FB68BA6802FB03F3FB6129
:10735000FB6950331846FFF717FDB861BB69002B76
:1073600011D0BB697B617B6950337B61BB690022B3
:1073700083F84620FA79BB69009313467A69B968A5
:10738000F86800F005F8BB6918462037BD4680BD97
:1073900080B584B000AFF860B9607A60FB70BB68FC
:1073A000002B03D1BB69BA691A6002E0BB697A6835
:1073B0001A60BB69FA68DA63BB69BA681A640121AA
:1073C000B869FFF7CBFEBB69FA7883F84C2000BFA1
:1073D0001037BD4680BD80B582B000AF78607B6855
:1073E000002B0ED07B6800229A607B6800221A6016
:1073F0007B680022DA60002300220021786800F018
:10740000A1F800BF0837BD4680BD80B586B000AF8B
:107410000346FB7101237B6100233B61FB791A4624
:1074200039697869FFF77AFFF860F868FFF7D3FFEA
:10743000FB6818461837BD4680BD80B588B002AFDE
:1074400003463960FB7101237B6100233B61FB79BB
:1074500000933B68002239697869FFF7E7FEF8601E
:10746000F868FFF7B8FFFB6818461837BD4680BDBF
:1074700090B587B000AF78607B683B613B69002BBB
:107480000AD14FF0500383F31188BFF36F8FBFF31E
:107490004F8FFB6000BFFEE73B699C6801F04AFC30
:1074A00003469C4211D13B69DB685A1E3B69DA6096
:1074B0003B69DB68002B05D10023002200213869DD
:1074C00000F040F801237B6101E000237B617B69D0
:1074D00018461C37BD4690BD90B587B000AF7860A8
:1074E00039607B683B613B69002B0AD14FF0500348
:1074F00083F31188BFF36F8FBFF34F8FFB6000BF23
:10750000FEE73B699C6801F015FC03469C4207D1ED
:107510003B69DB685A1C3B69DA6001237B610CE044
:107520003968386900F088FA78617B69002B04D0EB
:107530003B69DB685A1C3B69DA607B6918461C377B
:10754000BD4690BD80B58EB000AFF860B9607A607E
:107550003B6000237B63FB683B633B6B002B0AD1E2
:107560004FF0500383F31188BFF36F8FBFF34F8F3A
:10757000BB6200BFFEE7BB68002B03D13B6B1B6CFB
:10758000002B01D1012300E00023002B0AD14FF092
:10759000500383F31188BFF36F8FBFF34F8F7B626C
:1075A00000BFFEE73B68022B03D13B6BDB6B012B7B
:1075B00001D1012300E00023002B0AD14FF050033A
:1075C00083F31188BFF36F8FBFF34F8F3B6200BF10
:1075D000FEE701F0BFFB0346002B02D17B68002BC6
:1075E00001D1012300E00023002B0AD14FF050030A
:1075F00083F31188BFF36F8FBFF34F8FFB6100BF21
:10760000FEE7FFF79FFA3B6B9A6B3B6BDB6B9A4293
:1076100002D33B68022B29D13A68B968386B00F075
:10762000AFFBF8623B6B5B6A002B10D03B6B2433E3
:10763000184601F0BDF90346002B13D03F4B4FF025
:1076400080521A60BFF34F8FBFF36F8F0AE0FB6A5F
:10765000002B07D0394B4FF080521A60BFF34F8F89
:10766000BFF36F8FFFF79EFA012363E07B68002B67
:1076700003D1FFF797FA00235CE07B6B002B06D168
:1076800007F11403184601F0F7F901237B63FFF7B4
:1076900089FA00F047FFFFF755FA3B6B93F8443047
:1076A0005BB2B3F1FF3F03D13B6B002283F8442070
:1076B0003B6B93F845305BB2B3F1FF3F03D13B6BBB
:1076C000002283F84520FFF76DFA3A1D07F11403F5
:1076D0001146184601F0E6F90346002B24D1386B19
:1076E00000F046FC0346002B18D03B6B10337A6841
:1076F0001146184601F00CF9386B00F0D1FB00F090
:107700001FFF0346002B7FF47CAF0C4B4FF08052E1
:107710001A60BFF34F8FBFF36F8F72E7386B00F0C3
:10772000BFFB00F00DFF6CE7386B00F0B9FB00F019
:1077300007FF002318463837BD4680BD04ED00E042
:1077400080B590B000AFF860B9607A603B60FB68CC
:10775000BB63BB6B002B0AD14FF0500383F311883E
:10776000BFF36F8FBFF34F8FBB6200BFFEE7BB68F5
:10777000002B03D1BB6B1B6C002B01D1012300E05C
:107780000023002B0AD14FF0500383F31188BFF37D
:107790006F8FBFF34F8F7B6200BFFEE73B68022B0A
:1077A00003D1BB6BDB6B012B01D1012300E0002374
:1077B000002B0AD14FF0500383F31188BFF36F8F72
:1077C000BFF34F8F3B6200BFFEE7FFF79DFAEFF379
:1077D00011824FF0500383F31188BFF36F8FBFF313
:1077E0004F8FFA61BB61FB697B63BB6B9A6BBB6BB1
:1077F000DB6B9A4202D33B68022B2FD1BB6B93F811
:10780000453087F83330BB6B9B6BFB623A68B968D5
:10781000B86B00F0B5FA97F93330B3F1FF3F12D1EE
:10782000BB6B5B6A002B16D0BB6B2433184601F090
:10783000BFF80346002B0ED07B68002B0BD07B6873
:1078400001221A6007E097F833300133DBB25AB2F5
:10785000BB6B83F845200123FB6301E00023FB633E
:107860007B6B7B617B6983F3118800BFFB6B1846E0
:107870004037BD4680BD000080B58CB000AFF860D9
:10788000B9607A600023FB62FB68BB62BB6A002BB5
:107890000AD14FF0500383F31188BFF36F8FBFF30A
:1078A0004F8F3B6200BFFEE7BB68002B03D1BB6A72
:1078B0001B6C002B01D1012300E00023002B0AD117
:1078C0004FF0500383F31188BFF36F8FBFF34F8FD7
:1078D000FB6100BFFEE701F03DFA0346002B02D139
:1078E0007B68002B01D1012300E00023002B0AD18B
:1078F0004FF0500383F31188BFF36F8FBFF34F8FA7
:10790000BB6100BFFEE7FFF71DF9BB6A9B6B7B62A3
:107910007B6A002B1FD0B968B86A00F09BFA7B6ABB
:107920005A1EBB6A9A63BB6A1B69002B0FD0BB6AE5
:107930001033184601F03CF80346002B07D03D4BAE
:107940004FF080521A60BFF34F8FBFF36F8FFFF776
:1079500029F9012369E07B68002B03D1FFF722F9A5
:10796000002362E0FB6A002B06D107F110031846E2
:1079700001F082F80123FB62FFF714F900F0D2FD59
:10798000FFF7E0F8BB6A93F844305BB2B3F1FF3F16
:1079900003D1BB6A002283F84420BB6A93F84530C8
:1079A0005BB2B3F1FF3F03D1BB6A002283F84520ED
:1079B000FFF7F8F83A1D07F110031146184601F0D9
:1079C00071F80346002B23D1B86A00F0BBFA0346D6
:1079D000002B17D0BB6A24337A681146184600F092
:1079E00097FFB86A00F05CFA00F0AAFD0346002B8E
:1079F00089D1104B4FF080521A60BFF34F8FBFF305
:107A00006F8F80E7B86A00F04BFA00F099FD7AE7D3
:107A1000B86A00F045FA00F093FDB86A00F092FAF7
:107A20000346002B3FF46FAF002318463037BD46A6
:107A300080BD00BF04ED00E080B58EB000AF78607F
:107A4000396000237B637B68FB6200233B63FB6A36
:107A5000002B0AD14FF0500383F31188BFF36F8FCF
:107A6000BFF34F8F3B6200BFFEE7FB6A1B6C002B2E
:107A70000AD04FF0500383F31188BFF36F8FBFF329
:107A80004F8FFB6100BFFEE701F064F90346002B56
:107A900002D13B68002B01D1012300E00023002B21
:107AA0000AD14FF0500383F31188BFF36F8FBFF3F8
:107AB0004F8FBB6100BFFEE7FFF744F8FB6A9B6B8B
:107AC000BB62BB6A002B24D0BB6A5A1EFB6A9A6356
:107AD000FB6A1B68002B04D101F0B2FA0246FB6A74
:107AE0009A60FB6A1B69002B0FD0FB6A10331846A3
:107AF00000F05EFF0346002B07D0544B4FF080523E
:107B00001A60BFF34F8FBFF36F8FFFF74BF801235E
:107B100097E03B68002B11D13B6B002B0AD04FF054
:107B2000500383F31188BFF36F8FBFF34F8F7B61D7
:107B300000BFFEE7FFF736F8002382E07B6B002BE7
:107B400006D107F10C03184600F096FF01237B6372
:107B5000FFF728F800F0E6FCFEF7F4FFFB6A93F865
:107B600044305BB2B3F1FF3F03D1FB6A002283F8DC
:107B70004420FB6A93F845305BB2B3F1FF3F03D179
:107B8000FB6A002283F84520FFF70CF83A4607F11C
:107B90000C031146184600F085FF0346002B32D136
:107BA000F86A00F0CFF90346002B26D0FB6A1B6869
:107BB000002B09D1FEF7C6FFFB6A9B68184601F04F
:107BC000E7F83863FEF7EEFFFB6A24333A681146A4
:107BD000184600F09DFEF86A00F062F900F0B0FC73
:107BE0000346002B7FF468AF184B4FF080521A60A9
:107BF000BFF34F8FBFF36F8F5EE7F86A00F050F965
:107C000000F09EFC58E7F86A00F04AF900F098FC92
:107C1000F86A00F097F90346002B3FF44DAF3B6B39
:107C2000002B0DD0FEF78EFFF86A00F091F8786215
:107C3000FB6A9B68796A184601F080F9FEF7B2FF8B
:107C4000002318463837BD4680BD00BF04ED00E074
:107C500080B58EB000AFF860B9607A60FB683B63B6
:107C60003B6B002B0AD14FF0500383F31188BFF315
:107C70006F8FBFF34F8F3B6200BFFEE7BB68002BE7
:107C800003D13B6B1B6C002B01D1012300E00023CF
:107C9000002B0AD14FF0500383F31188BFF36F8F8D
:107CA000BFF34F8FFB6100BFFEE7FFF72DF8EFF347
:107CB00011824FF0500383F31188BFF36F8FBFF32E
:107CC0004F8FBA617B61BB69FB623B6B9B6BBB6295
:107CD000BB6A002B2FD03B6B93F8443087F82730DA
:107CE000B968386B00F0B6F8BB6A5A1E3B6B9A63F2
:107CF00097F92730B3F1FF3F12D13B6B1B69002B83
:107D000016D03B6B1033184600F052FE0346002B92
:107D10000ED07B68002B0BD07B6801221A6007E035
:107D200097F827300133DBB25AB23B6B83F844201B
:107D300001237B6301E000237B63FB6A3B613B69BA
:107D400083F3118800BF7B6B18463837BD4680BD72
:107D500080B485B000AF78607B685B6A002B06D08A
:107D60007B681B6B1B68C3F13803FB6001E00023D9
:107D7000FB60FB6818461437BD465DF8047B70470E
:107D800080B586B000AFF860B9607A6000237B618F
:107D9000FB689B6B3B61FB681B6C002B0DD1FB6888
:107DA0001B68002B4DD1FB689B68184601F058F802
:107DB0007861FB6800229A6043E07B68002B19D150
:107DC000FB685868FB681B6C1A46B96802F0B4FE81
:107DD000FB685A68FB681B6C1A44FB685A60FB68B6
:107DE0005A68FB689B689A422BD3FB681A68FB6849
:107DF0005A6026E0FB68D868FB681B6C1A46B968B5
:107E000002F09AFEFB68DA68FB681B6C5B421A445E
:107E1000FB68DA60FB68DA68FB681B689A4207D285
:107E2000FB689A68FB681B6C5B421A44FB68DA606B
:107E30007B68022B05D13B69002B02D03B69013BDB
:107E40003B613B695A1CFB689A637B69184618378B
:107E5000BD4680BD80B582B000AF786039607B6878
:107E60001B6C002B18D07B68DA687B681B6C1A448B
:107E70007B68DA607B68DA687B689B689A4203D328
:107E80007B681A687B68DA607B68D9687B681B6CE2
:107E90001A46386802F050FE00BF0837BD4680BD64
:107EA00080B584B000AF7860FEF74CFE7B6893F835
:107EB0004530FB7311E07B685B6A002B12D07B6856
:107EC0002433184600F074FD0346002B01D000F067
:107ED0004BFEFB7B013BDBB2FB7397F90F30002BB2
:107EE000E9DC00E000BF7B68FF2283F84520FEF755
:107EF00059FEFEF727FE7B6893F84430BB7311E010
:107F00007B681B69002B12D07B681033184600F089
:107F10004FFD0346002B01D000F026FEBB7B013B4A
:107F2000DBB2BB7397F90E30002BE9DC00E000BF39
:107F30007B68FF2283F84420FEF734FE00BF103731
:107F4000BD4680BD80B584B000AF7860FEF7FAFD15
:107F50007B689B6B002B02D10123FB6001E00023B7
:107F6000FB60FEF71FFEFB6818461037BD4680BD5C
:107F700080B584B000AF7860FEF7E4FD7B689A6B53
:107F80007B68DB6B9A4202D10123FB6001E0002396
:107F9000FB60FEF707FEFB6818461037BD4680BD44
:107FA00080B485B000AF786039600023FB6014E0D6
:107FB0000F4AFB6852F83330002B0BD10C49FB6899
:107FC0003A6841F833200A4AFB68DB0013447A68B8
:107FD0005A6006E0FB680133FB60FB68072BE7D9BA
:107FE00000BF00BF1437BD465DF8047B704700BF7B
:107FF0007458002080B586B000AFF860B9607A6030
:10800000FB687B61FEF79EFD7B6993F844305BB2B1
:10801000B3F1FF3F03D17B69002283F844207B69E1
:1080200093F845305BB2B3F1FF3F03D17B69002287
:1080300083F84520FEF7B6FD7B699B6B002B06D1CC
:108040007B6924337A68B968184600F085FC786942
:10805000FFF726FF00BF1837BD4680BD80B58EB044
:1080600004AFF860B9607A603B607B6B002B0AD18B
:108070004FF0500383F31188BFF36F8FBFF34F8F1F
:108080003B6200BFFEE7BB6B002B0AD14FF05003F1
:1080900083F31188BFF36F8FBFF34F8FFB6100BF76
:1080A000FEE7B0233B613B69B02B0AD04FF0500391
:1080B00083F31188BFF36F8FBFF34F8FBB6100BF96
:1080C000FEE73B69BB6B002B1ED07B6B002B1BD0EC
:1080D000BB6B7B627B6A7A6B1A637B6A022283F8D2
:1080E000AD20002303937B6A029307F114030193ED
:1080F0003B6B00933B687A68B968F86800F050F809
:10810000786A00F0F9F801E000237B617B6918468A
:108110002837BD4680BD80B58CB004AFF860B9602B
:108120003B601346FB80FB889B001846FEF72CFE45
:1081300078617B69002B0ED0B020FEF725FEF86138
:10814000FB69002B03D0FB697A691A6305E0786943
:10815000FEF7E6FE01E00023FB61FB69002B17D070
:10816000FB69002283F8AD20FA8800230393FB69A2
:108170000293FB6A0193BB6A00933B68B968F86895
:1081800000F00EF8F86900F0B7F80123BB6102E0D7
:108190004FF0FF33BB61BB6918462037BD4680BD39
:1081A00080B588B000AFF860B9607A603B603B6B27
:1081B000186B7B689B001A46A52102F033FC3B6BD1
:1081C0001A6B7B6803F18043013B9B001344BB6146
:1081D000BB6923F00703BB61BB6903F00703002BF6
:1081E0000AD04FF0500383F31188BFF36F8FBFF3B2
:1081F0004F8F7B6100BFFEE73B6BBA695A64BB6877
:10820000002B1FD00023FB6112E0BA68FB69134406
:1082100019783A6BFB69134434330A461A70BA680A
:10822000FB6913441B78002B06D0FB690133FB610B
:10823000FB690F2BE9D900E000BF3B6B002283F8FC
:10824000432003E03B6B002283F83420BB6A372BCA
:1082500001D93723BB623B6BBA6ADA623B6BBA6AFD
:108260001A653B6B00225A653B6B04331846FEF7D8
:10827000A7FA3B6B18331846FEF7A2FA3B6B3A6B32
:108280001A61BB6AC3F138023B6B9A613B6B3A6B74
:108290005A623B6B00229A653B6B0022C3F8A82010
:1082A0003B6B002283F8AC203B6B5C334C220021FB
:1082B000184602F0B7FB3B6B0C4A1A663B6B0C4A44
:1082C0005A663B6B0B4A9A663A68F968B869FEF7DA
:1082D0000BFB02463B6B1A60FB6A002B02D0FB6A69
:1082E0003A6B1A6000BF2037BD4680BDE4600020B5
:1082F0004C610020B461002080B582B000AF78608E
:10830000FEF720FC2D4B1B6801332C4A13602C4BCD
:108310001B68002B09D12A4A7B681360274B1B6816
:10832000012B10D100F044FC0DE0264B1B68002B04
:1083300009D1234B1B68DA6A7B68DB6A9A4202D850
:108340001F4A7B681360204B1B6801331E4A136071
:108350001D4B1A687B689A647B68DA6A1B4B1B6842
:108360009A4203D97B68DB6A184A13607B68DA6A31
:1083700013469B0013449B00154A1A447B68043340
:1083800019461046FEF729FAFEF70CFC0D4B1B6848
:10839000002B0ED00A4B1B68DA6A7B68DB6A9A42B4
:1083A00007D20C4B4FF080521A60BFF34F8FBFF3D0
:1083B0006F8F00BF0837BD4680BD00BF885D0020BD
:1083C000B4580020945D0020A45D0020905D002042
:1083D000B858002004ED00E080B584B000AF7860AC
:1083E0000023FB607B68002B17D0134B1B68002B0E
:1083F0000AD04FF0500383F31188BFF36F8FBFF3A0
:108400004F8FBB6000BFFEE700F08CF8002178685A
:1084100000F02AFE00F094F8F860FB68002B07D10A
:10842000064B4FF080521A60BFF34F8FBFF36F8F30
:1084300000BF1037BD4680BDB05D002004ED00E0F8
:1084400080B58AB004AF0023BB6000237B603A464E
:10845000391D07F108031846FEF75EF939687B6895
:10846000BA68029201930023009300230A4625492B
:108470002548FFF7F3FD0346244A1360234B1B688E
:10848000002B02D001237B6101E000237B617B692B
:10849000012B02D100F03CFE78617B69012B1DD1DC
:1084A0004FF0500383F31188BFF36F8FBFF34F8FEB
:1084B0003B6100BF164B1B685C33164A1360164BBA
:1084C0004FF0FF321A60154B01221A60144B002244
:1084D0001A60F7F7FBFFFEF793FA0EE07B69B3F142
:1084E000FF3F0AD14FF0500383F31188BFF36F8F22
:1084F000BFF34F8FFB6000BFFEE700BF1837BD46DC
:1085000080BD00BF68AC0008818B0008AC5D002016
:10851000B458002094000020A85D0020945D002045
:108520008C5D002080B400AF044B1B680133034A0C
:10853000136000BFBD465DF8047B7047B05D00204E
:1085400080B584B000AF0023FB600023BB60424BCA
:108550001B68002B0AD14FF0500383F31188BFF33F
:108560006F8FBFF34F8F3B6000BFFEE7FEF7EAFA65
:10857000394B1B68013B384A1360374B1B68002B93
:1085800062D1364B1B68002B5ED02FE0344BDB688A
:10859000DB68FB60FB6818331846FEF77BF9FB6865
:1085A00004331846FEF776F9FB68DA6A2D4B1B6830
:1085B0009A4203D9FB68DB6A2A4A1360FB68DA6ACD
:1085C00013469B0013449B00274A1A44FB6804335C
:1085D00019461046FEF701F9FB68DA6A234B1B685F
:1085E000DB6A9A4202D3224B01221A601C4B1B68A1
:1085F000002BCBD1FB68002B01D000F07BFB1D4B87
:108600001B687B607B68002B10D000F047F80346A6
:10861000002B02D0164B01221A607B68013B7B6065
:108620007B68002BF1D1134B00221A60104B1B68A2
:10863000002B09D00123BB600F4B4FF080521A6012
:10864000BFF34F8FBFF36F8FFEF7ACFABB681846CE
:108650001037BD4680BD00BFB05D0020885D0020A2
:10866000485D0020905D0020B8580020B4580020DC
:108670009C5D0020985D002004ED00E080B483B094
:1086800000AF054B1B687B607B6818460C37BD4606
:108690005DF8047B704700BF8C5D002080B586B01C
:1086A00000AF00237B614F4B1B68002B40F08F8095
:1086B0004D4B1B6801333B614B4A3B6913603B697F
:1086C000002B20D1494B1B681B68002B0AD04FF0B0
:1086D000500383F31188BFF36F8FBFF34F8F3B605D
:1086E00000BFFEE7414B1B68FB60414B1B683F4AE4
:1086F00013603F4AFB6813603E4B1B6801333D4AE1
:10870000136000F0F7FA3C4B1B683A699A4249D370
:10871000364B1B681B68002B04D1374B4FF0FF32E0
:108720001A603FE0314B1B68DB68DB68BB60BB68ED
:108730005B687B603A697B689A4203D22E4A7B6809
:1087400013602FE0BB6804331846FEF7A3F8BB683C
:108750009B6A002B04D0BB6818331846FEF79AF8C2
:10876000BB68DA6A254B1B689A4203D9BB68DB6A8F
:10877000224A1360BB68DA6A13469B0013449B00CD
:108780001F4A1A44BB68043319461046FEF725F801
:10879000BB68DA6A1B4B1B68DB6A9A42B8D30123B9
:1087A0007B61B5E7174B1B68DA6A154913469B00D6
:1087B00013449B000B441B68012B01D901237B61EF
:1087C000114B1B68002B07D001237B6104E00F4B8A
:1087D0001B6801330D4A13607B6918461837BD4684
:1087E00080BD00BFB05D00208C5D0020405D00209A
:1087F000445D0020A05D0020A85D0020905D002069
:10880000B8580020B45800209C5D0020985D0020DE
:1088100080B584B000AF364B1B68002B03D0354BBE
:1088200001221A605FE0334B00221A60F7F755FE11
:108830000346314A1360304B1A68304B1B689A422A
:1088400009D92F4B1B68996D2B4A10682B4A126867
:10885000821A0A449A65284B1B68284A1360294BE0
:108860001B68FB6010E0FB68002B0AD14FF050033F
:1088700083F31188BFF36F8FBFF34F8F7B6000BF0F
:10888000FEE7FB68013BFB601F49FA6813469B004B
:1088900013449B000B441B68002BE4D0FA6813467A
:1088A0009B0013449B00184A1344BB60BB685B6881
:1088B0005A68BB685A60BB685A68BB6808339A42FA
:1088C00004D1BB685B685A68BB685A60BB685B6868
:1088D000DB680B4A13600B4AFB681360084B1B688C
:1088E0005C330A4A136000BF1037BD4680BD00BF2D
:1088F000B05D00209C5D0020B85D0020B45D0020CC
:10890000B4580020905D0020B8580020940000204A
:1089100080B584B000AF786039607B68002B0AD1E5
:108920004FF0500383F31188BFF36F8FBFF34F8F66
:10893000FB6000BFFEE7074B1B68183319467868D9
:10894000FDF76FFF0121386800F08EFB00BF103784
:10895000BD4680BDB458002080B586B000AFF86039
:10896000B9607A60FB68002B0AD14FF0500383F3A3
:108970001188BFF36F8FBFF34F8F7B6100BFFEE79E
:108980000A4B1B6818331946F868FDF726FF7B6809
:10899000002B02D04FF0FF33BB607968B86800F05D
:1089A00063FB00BF1837BD4680BD00BFB458002030
:1089B00080B586B000AF78607B68DB68DB683B61C0
:1089C0003B69002B0AD14FF0500383F31188BFF3AA
:1089D0006F8FBFF34F8FFB6000BFFEE73B6918331B
:1089E0001846FDF757FF1E4B1B68002B1DD13B6936
:1089F00004331846FDF74EFF3B69DA6A194B1B68D2
:108A00009A4203D93B69DB6A164A13603B69DA6A0A
:108A100013469B0013449B00134A1A443B690433DA
:108A200019461046FDF7D9FE05E03B691833194693
:108A30000E48FDF7D2FE3B69DA6A0D4B1B68DB6A14
:108A40009A4205D901237B610A4B01221A6001E099
:108A500000237B617B6918461837BD4680BD00BF87
:108A6000B05D0020905D0020B8580020485D0020D7
:108A7000B45800209C5D002080B483B000AF7860C3
:108A8000064B1A687B681A60054B1A687B685A6047
:108A900000BF0C37BD465DF8047B7047A05D002029
:108AA0008C5D002080B588B000AF786039607B684D
:108AB000002B0AD14FF0500383F31188BFF36F8F5F
:108AC000BFF34F8F3B6100BFFEE73B68002B0AD12D
:108AD0004FF0500383F31188BFF36F8FBFF34F8FB5
:108AE000FB6000BFFEE7FEF72DF81D4B1B68BB6166
:108AF0007B685B68BA69D31A7B613B681B68B3F11A
:108B0000FF3F02D10023FB6123E07B681A68154B0D
:108B10001B689A4207D07B685B68BA699A4202D3A5
:108B20000123FB6115E03B681B687A699A420BD20E
:108B30003B681A687B69D21A3B681A607868FFF74D
:108B40009BFF0023FB6104E03B6800221A600123C5
:108B5000FB61FEF727F8FB6918462037BD4680BD4C
:108B60008C5D0020A05D002080B400AF034B01228B
:108B70001A6000BFBD465DF8047B70479C5D002015
:108B800080B582B000AF786000F052F8064B1B68E9
:108B9000012BF9D9054B4FF080521A60BFF34F8F6C
:108BA000BFF36F8FF0E700BFB858002004ED00E07E
:108BB00080B582B000AF00237B600CE07A6813467A
:108BC0009B0013449B00124A13441846FDF7D8FD3E
:108BD0007B6801337B607B68372BEFD90D48FDF74D
:108BE000CFFD0D48FDF7CCFD0C48FDF7C9FD0C4845
:108BF000FDF7C6FD0B48FDF7C3FD0B4B054A1A6098
:108C00000A4B054A1A6000BF0837BD4680BD00BF49
:108C1000B8580020185D00202C5D0020485D002021
:108C20005C5D0020745D0020405D0020445D0020FC
:108C300080B582B000AF19E0FDF784FF104BDB6810
:108C4000DB687B607B6804331846FDF723FE0D4B21
:108C50001B68013B0B4A13600B4B1B68013B0A4A24
:108C60001360FDF79FFF786800F010F8064B1B6853
:108C7000002BE1D100BF00BF0837BD4680BD00BF5B
:108C80005C5D0020885D0020705D002080B584B0B0
:108C900000AF78607B685C33184601F0CBFE7B68E0
:108CA00093F8AD30002B08D17B681B6B1846FEF79C
:108CB00037F97868FEF734F918E07B6893F8AD303F
:108CC000012B03D17868FEF72BF90FE07B6893F84E
:108CD000AD30022B0AD04FF0500383F31188BFF35D
:108CE0006F8FBFF34F8FFB6000BFFEE700BF1037F1
:108CF000BD4680BD80B483B000AF0C4B1B681B68C1
:108D0000002B04D10A4B4FF0FF321A6008E0074BEA
:108D10001B68DB68DB687B607B685B68044A136008
:108D200000BF0C37BD465DF8047B7047405D0020F6
:108D3000A85D002080B483B000AF054B1B687B604A
:108D40007B6818460C37BD465DF8047B704700BF52
:108D5000B458002080B483B000AF0B4B1B68002BCD
:108D600002D101237B6008E0084B1B68002B02D175
:108D700002237B6001E000237B607B6818460C3790
:108D8000BD465DF8047B7047945D0020B05D002017
:108D900080B584B000AF78607B68BB600023FB6067
:108DA0007B68002B51D0BB68DA6A2A4B1B68DB6AF0
:108DB0009A4241D2BB689B69002B06DB254B1B689E
:108DC000DB6AC3F13802BB689A61BB685969BB684A
:108DD000DA6A13469B0013449B001F4A13449942CE
:108DE00022D1BB6804331846FDF754FD194B1B68AC
:108DF000DA6ABB68DA62BB68DA6A184B1B689A42A7
:108E000003D9BB68DB6A154A1360BB68DA6A13468C
:108E10009B0013449B00104A1A44BB680433194654
:108E20001046FDF7DAFC04E00A4B1B68DA6ABB68FF
:108E3000DA620123FB6008E0BB681A6D054B1B6812
:108E4000DB6A9A4201D20123FB60FB6818461037A7
:108E5000BD4680BDB4580020B8580020905D002069
:108E600080B586B000AF78607B683B6100237B6192
:108E70007B68002B56D02E4B1B683A699A420AD069
:108E80004FF0500383F31188BFF36F8FBFF34F8F01
:108E9000FB6000BFFEE73B695B6D002B0AD14FF022
:108EA000500383F31188BFF36F8FBFF34F8FBB6005
:108EB00000BFFEE73B695B6D5A1E3B695A653B6923
:108EC000DA6A3B691B6D9A422CD03B695B6D002BC3
:108ED00028D13B6904331846FDF7DCFC3B691A6D69
:108EE0003B69DA623B69DB6AC3F138023B699A612C
:108EF0003B69DA6A0F4B1B689A4203D93B69DB6A0C
:108F00000C4A13603B69DA6A13469B0013449B00CA
:108F1000094A1A443B69043319461046FDF75DFCC3
:108F200001237B617B6918461837BD4680BD00BFB1
:108F3000B4580020905D0020B858002080B588B05B
:108F400000AF786039607B68BB6101237B617B681F
:108F5000002B6AD0BB695B6D002B0AD14FF0500328
:108F600083F31188BFF36F8FBFF34F8FFB6000BF98
:108F7000FEE7BB691B6D3A689A4202D93B68FB6108
:108F800002E0BB691B6DFB61BB69DB6AFA699A424F
:108F90004BD0BB695B6D7A699A4246D1254B1B6801
:108FA000BA699A420AD14FF0500383F31188BFF394
:108FB0006F8FBFF34F8FBB6000BFFEE7BB69DB6AFB
:108FC0003B61BB69FA69DA62BB699B69002B04DB10
:108FD000FB69C3F13802BB699A61BB6959693A6997
:108FE00013469B0013449B00134A134499421CD11F
:108FF000BB6904331846FDF74DFCBB69DA6A0F4BB9
:109000001B689A4203D9BB69DB6A0C4A1360BB69CF
:10901000DA6A13469B0013449B00074A1A44BB6953
:10902000043319461046FDF7D8FB00BF2037BD4674
:1090300080BD00BFB4580020B8580020905D0020CB
:1090400080B400AF074B1B68002B04D0054B1B6896
:109050005A6D01325A65034B1B681846BD465DF8D0
:10906000047B7047B458002080B584B000AF7860AE
:109070003960214B1B68FB60204B1B68043318468A
:10908000FDF708FC7B68B3F1FF3F0AD13B68002B7A
:1090900007D01A4B1B68043319461948FDF79DFB8E
:1090A00026E0FA687B681344BB60144B1B68BA68FF
:1090B0005A60BA68FB689A4209D2124B1A680F4B81
:1090C0001B68043319461046FDF7ABFB10E00E4B4E
:1090D0001A680A4B1B68043319461046FDF7A1FBBA
:1090E0000A4B1B68BA689A4202D2084ABB681360EE
:1090F00000BF1037BD4680BD8C5D0020B4580020F5
:10910000745D0020445D0020405D0020A85D0020CB
:1091100080B58AB004AF00237B6100F007FB1C4BD5
:109120001B68002B21D00023FB600023BB603A1D8D
:1091300007F1080107F10C031846FDF707FB7968F2
:10914000BB68FA68029201930623009300230A4643
:1091500010491148FEF782FF0346104A13600F4B77
:109160001B68002B01D001237B617B69002B0AD196
:109170004FF0500383F31188BFF36F8FBFF34F8F0E
:109180003B6100BFFEE77B6918461837BD4680BDCE
:10919000EC5D002098AC0008D5920008F05D00203E
:1091A00080B58AB000AFF860B9607A603B60002398
:1091B0007B62FB68002B0AD14FF0500383F31188C8
:1091C000BFF36F8FBFF34F8F3B6200BFFEE71A4BB9
:1091D0001B68002B2AD0BB683B617B687B61FB6806
:1091E000BB61BB68052B18DCFFF7B4FD0346022BFF
:1091F00009D1114B186807F1100100233A6BFEF7F3
:10920000A1F9786212E00C4B186807F110010023F5
:109210000022FEF797F9786208E0074B186807F11B
:10922000100100233A68FEF78BFA78627B6A1846D1
:109230002837BD4680BD00BFEC5D002080B588B0FA
:1092400002AF78603960224B1B68DB68DB687B61AA
:109250007B6904331846FDF71DFB7B6993F82830C2
:1092600003F00403002B22D07B699A697B68D11834
:109270007B683A68786900F0D1F80346002B1FD06C
:109280000023009300237A6800217869FFF788FFA4
:1092900038613B69002B13D14FF0500383F31188E1
:1092A000BFF36F8FBFF34F8FFB6000BFFEE77B699B
:1092B00093F8283023F00103DAB27B6983F8282081
:1092C0007B691B6A7869984700BF1837BD4680BD27
:1092D000E45D002080B584B000AF786007F108033A
:1092E000184600F057F8F860BB681946F86800F0B7
:1092F00003F800F0D5F8F1E780B584B000AF7860EE
:109300003960FFF70FF907F10803184600F066F817
:10931000F860BB68002B30D13B68002B0AD17A681B
:10932000FB689A4206D8FFF70BF9F9687868FFF7EF
:1093300085FF24E03B68002B08D0134B1B681B689B
:10934000002B01D1012300E000233B600F4B186884
:109350007A68FB68D31A3A681946FEF74BFEFFF7A6
:10936000EFF80346002B0AD1094B4FF080521A60E8
:10937000BFF34F8FBFF36F8F01E0FFF7E1F800BF3E
:109380001037BD4680BD00BFE85D0020EC5D0020C9
:1093900004ED00E080B485B000AF78600E4B1B6830
:1093A0001B68002B01D1012200E000227B681A60BB
:1093B0007B681B68002B05D1074B1B68DB681B68AB
:1093C000FB6001E00023FB60FB6818461437BD46D4
:1093D0005DF8047B704700BFE45D002080B584B079
:1093E00000AF7860FFF74AF9F8600B4B1B68FA682A
:1093F0009A4205D200F036F97B6801221A6002E039
:109400007B6800221A60044AFB681360FB681846F8
:109410001037BD4680BD00BFF45D002080B586B02A
:1094200000AFF860B9607A603B6000237B61FB6845
:10943000BA685A60FB68FA681A61BA687B689A422F
:1094400012D87A683B68D21AFB689B699A4202D3A9
:1094500001237B611BE0104B1A68FB68043319463B
:109460001046FDF7DEF912E07A683B689A4206D2B0
:10947000BA683B689A4202D301237B6107E0074B3D
:109480001A68FB68043319461046FDF7CAF97B6970
:1094900018461837BD4680BDE85D0020E45D002019
:1094A00080B58EB002AFCAE07B68002B18DA3B1D96
:1094B0000433FB62FB6A002B0AD14FF0500383F3A5
:1094C0001188BFF36F8FBFF34F8FFB6100BFFEE7C3
:1094D000FB6A1B68FA6A5068FA6A926811469847F4
:1094E0007B68002BC0F2AB80FB68BB62BB6A5B6928
:1094F000002B04D0BB6A04331846FDF7CBF93B467A
:109500001846FFF76BFF78627B68092B00F29680A4
:1095100001A252F823F000BF4195000841950008D0
:1095200041950008B5950008C995000813960008F4
:109530004195000841950008B5950008C9950008B7
:10954000BB6A93F8283043F00103DAB2BB6A83F8B0
:109550002820BA68BB6A9B69D118BB687A6AB86A66
:10956000FFF75CFF0346002B69D0BB6A1B6AB86A31
:109570009847BB6A93F8283003F00403002B5ED0B1
:10958000BA68BB6A9B691A44002300930023002138
:10959000B86AFFF705FE38623B6A002B4FD14FF0E7
:1095A000500383F31188BFF36F8FBFF34F8FBB61FD
:1095B00000BFFEE7BB6A93F8283023F00103DAB25C
:1095C000BB6A83F828203AE0BB6A93F8283043F05E
:1095D0000103DAB2BB6A83F82820BA68BB6A9A61D1
:1095E000BB6A9B69002B0AD14FF0500383F31188AB
:1095F000BFF36F8FBFF34F8F7B6100BFFEE7BB6A86
:109600009A697B6AD1187B6A7A6AB86AFFF706FFA3
:1096100015E0BB6A93F8283003F00203002B03D156
:10962000B86AFDF77DFC0AE0BB6A93F8283023F0A6
:109630000103DAB2BB6A83F8282000E000BF084BC0
:109640001B68391D00221846FEF716F90346002B49
:109650007FF42AAF00BF00BF3037BD4680BD00BFDA
:10966000EC5D002080B588B002AF48E02D4B1B6850
:10967000DB681B683B612B4B1B68DB68DB68FB60AE
:10968000FB6804331846FDF705F9FB681B6AF868A8
:109690009847FB6893F8283003F00403002B2ED082
:1096A000FB689B693A691344BB60BA683B699A429C
:1096B0000ED9FB68BA685A60FB68FA681A61194BE0
:1096C0001A68FB68043319461046FDF7AAF816E03D
:1096D0000023009300233A690021F868FFF760FD3A
:1096E00078607B68002B0AD14FF0500383F3118818
:1096F000BFF36F8FBFF34F8F3B6000BFFEE7094B97
:109700001B681B68002BB1D1064B1B687B61064BA5
:109710001B68044A1360044A7B69136000BF183752
:10972000BD4680BDE45D0020E85D002080B582B0CC
:1097300002AFFDF707FA154B1B68002B20D1144828
:10974000FDF71EF81348FDF71BF8134B104A1A607B
:10975000124B104A1A6000230093114B114A10213A
:109760000A20FDF763FD0346084A1360074B1B6898
:10977000002B05D0054B1B680B491846FEF710FC63
:10978000FDF710FA00BFBD4680BD00BFEC5D0020B4
:10979000BC5D0020D05D0020E45D0020E85D00207D
:1097A000985E0020F85D0020A0AC000880B485B071
:1097B00000AF7860204B1A687B68B3FBF2F101FBC5
:1097C00002F29B1AFB607B681BB21A461A4B1B689D
:1097D000B2FBF3F31AB2184B9A827B6807EE903A09
:1097E000F8EE677A9FED157A67EE876A124B5B6831
:1097F00007EE903AB8EE677AC6EE877A0E4BC3ED65
:10980000037AFB6807EE903AF8EE677A9FED0B7AE1
:1098100067EE876A084B1B6807EE903AB8EE677AE6
:10982000C6EE877A044BC3ED047A00BF1437BD46F9
:109830005DF8047B704700BF280000200000B4439F
:1098400080B588B002AF0023FB720023BB720023F7
:10985000FB7500237B604FF000033B6000233B61FE
:1098600007F10B030122009200220321122000F0D5
:10987000C5FC3B1D0422009202221321532000F05C
:10988000BDFC07F10A0301220092002204211220EC
:1098900000F0B4FC3B460422009203220121122076
:1098A00000F0ACFC00F066F87B68002B01D00123CF
:1098B000FB607B681846FFF779FF012000F0ECFAA7
:1098C000FB7A002B0AD0002204211D48F9F7DAFAAE
:1098D000012000F04DF90023FB752CE0BB7A002B32
:1098E0001FD001233B61FB7D002B04D1012000F040
:1098F0007BF80123FB75D7ED007AF5EE407AF1EEA7
:1099000010FA01D002233B61D7ED007AB0EE670A6E
:10991000012000F07BF9012204210948F9F7B2FA8D
:1099200009E0002204210648F9F7ACFA012000F012
:1099300099F80023FB750A20FCF794FCB4E700BFFC
:109940000008004880B500AF044A00210448FCF735
:10995000F7FB0346034A136000BF80BD54AE000806
:1099600041980008E85E002080B500AFFFF7EAFFED
:1099700000BF80BD80B500AF144B00221A70134B9E
:1099800000225A70114B0222DA70DFED116ADFED0E
:10999000117A86EEA77A104BD3ED007A67EE277A1C
:1099A0000A4BC3ED017A094B4FF000029A60074B56
:1099B0000A4A1A610A4B1B684FF4C8725A630122A3
:1099C00004210848F9F75EFA00BF80BDEC5E002074
:1099D000EC51383EBC96103D400000206666E63FE4
:1099E0008C010020000C004880B582B000AF034617
:1099F000FB71FB79002B02D0012B14D027E0002251
:109A00004FF480611448F9F73DFA144B01221A70A3
:109A1000012202211048F9F735FA002201210E48EF
:109A2000F9F730FA13E000224FF480610A48F9F7A1
:109A300029FA0B4B01221A70012202210648F9F77C
:109A400021FA002201210448F9F71CFA00BF00BFE7
:109A50000837BD4680BD00BF00080048005F0020F9
:109A6000EC5E002080B582B000AF0346FB71FB794D
:109A7000002B02D0012B0DD01AE000210E48FAF77E
:109A8000F1FE0E4B00225A70012201210C48F9F719
:109A9000F9F90DE000210848FAF7E4FE094B00222D
:109AA0005A7001224FF400610548F9F7EBF900BF45
:109AB00000BF0837BD4680BD8C010020005F00203C
:109AC00000080048EC5E002080B582B000AF03467D
:109AD000FB71FB79002B02D0012B1ED03BE0012251
:109AE0004FF480611E48F9F7CDF900211D48FAF7BF
:109AF000B9FE1D4B00221A701B4B0222DA701A4B62
:109B000000225A70012202211548F9F7BBF9002200
:109B100001211348F9F7B6F91DE001224FF48061E5
:109B20000F48F9F7AFF900210E48FAF79BFE0F4BEB
:109B300000221A700D4B0222DA700C4B00225A7070
:109B4000012202210648F9F79DF90022012104486B
:109B5000F9F798F900BF00BF0837BD4680BD00BFC8
:109B6000000800488C010020005F0020EC5E00200F
:109B700080B582B000AF224B93ED037A204BD3ED3A
:109B8000027A77EE677AC7ED017A0023FB701C4BEF
:109B9000DB78DBB2022B2CD0194BDB78DBB2FA7806
:109BA0009A4209D0164AFB78D370FB781A464FF4D4
:109BB00000611448F9F766F9D7ED017AB0EEE77A5B
:109BC0000F4BD3ED047AB4EEE77AF1EE10FA0CDD28
:109BD0000B4B5B78DBB2002B0ED100210A48FAF761
:109BE00063FD074B01225A7006E00120FFF73AFFA0
:109BF00002E00120FFF736FF00BF0837BD4680BDF9
:109C0000EC5E0020000400488C01002080B586B086
:109C100000AF034687ED000AFB710223FB754FF08E
:109C200000033B61FB79002B02D0012B36D08AE088
:109C3000D7ED007AB1EE677A454BD3ED017A67EE46
:109C4000277A434BC3ED037A414B93ED037A404BA4
:109C5000D3ED027A77EE677AC7ED047AD7ED047A0E
:109C6000B0EEE77A3A4BD3ED047AB4EEE77AF1EE50
:109C700010FA01D5022309E0D7ED047AF5EEC07A97
:109C8000F1EE10FACCBF01230023DBB2FB75FB7DA4
:109C900097ED040A184600F061F854E0D7ED007A19
:109CA000F5EE407AF1EE10FA06D02A4B1B68002B35
:109CB00002D0284B00221A60274B93ED017AD7ED92
:109CC000007A67EE277A244BC3ED037A224B93ED9B
:109CD000037A214BD3ED027A77EE677AC7ED047AE7
:109CE000D7ED047AFDEEE77A17EE903AB3F1FF3F35
:109CF00009DBD7ED047AFDEEE77A17EE903A012BF7
:109D000001DC0123FB60D7ED047AB0EEE77A124B59
:109D1000D3ED047AB4EEE77AF1EE10FA01D502231E
:109D200009E0D7ED047AF5EEC07AF1EE10FACCBF77
:109D300001230023DBB2FB75FB7D97ED040A184677
:109D400000F05CF800BF00BF1837BD4680BD00BF03
:109D5000005F002044000020EC5E002080B582B04F
:109D600000AF034687ED000AFB71214B1B78DBB285
:109D7000002B35D01E4BDB78DBB2022B2CD01C4BDA
:109D8000DB78DBB2FA799A4209D0194AFB79D370B1
:109D9000FB791A464FF400611648F9F773F8D7EDCE
:109DA000007AB0EEE77A124BD3ED047AB4EEE77A9C
:109DB000F1EE10FA0CDD0E4B5B78DBB2002B12D10A
:109DC00000210D48FAF770FC094B01225A700AE095
:109DD0000020FFF747FE06E00020FFF743FE02E009
:109DE0000020FFF771FE00BF0837BD4680BD00BFF1
:109DF000005F0020000800488C01002080B582B080
:109E000000AF034687ED000AFB71204B1B78DBB2E5
:109E1000002B33D0FB79022B2CD01C4BDB78DBB230
:109E2000FA799A4209D0194AFB79D370FB791A461C
:109E30004FF400611648F9F725F8D7ED007AB0EE37
:109E4000E77A124BD3ED047AB4EEE77AF1EE10FA2A
:109E50000CDD0E4B5B78DBB2002B12D100210D48DC
:109E6000FAF722FC094B01225A700AE00120FFF7A1
:109E7000F9FD06E00120FFF7F5FD02E00120FFF704
:109E800023FE00BF0837BD4680BD00BFEC5E00204A
:109E9000000400488C01002080B483B000AF03466A
:109EA000FB71FB79002B02D0012B0DD01BE0114B75
:109EB000D3ED037AF1EE677AB7EE087A67EE877A28
:109EC0000D4BC3ED027A0EE00C4B93ED047A9FED3F
:109ED0000C6ADFED0C6AC6EE267A67EE277A0A4B2B
:109EE000C3ED027A00BF00BF0C37BD465DF8047BAE
:109EF000704700BF10000020005F002028000020F5
:109F0000EC51383EBC96103DEC5E002080B582B02E
:109F100000AF0023FB71064B1B681A68044B1B68DB
:109F200042F040021A600A20FCF79CF9F3E700BFF8
:109F3000B060002080B500AF044A00210448FCF75F
:109F4000FFF80346034A136000BF80BD78AE0008E7
:109F50000D9F0008145F002080B500AFFFF7EAFFF7
:109F600000BF80BD80B400AFFEE7000080B500AF49
:109F70004FF4C0720021104800F054FD0F4B002236
:109F80001A6000220C214020FCF795FA03460C4A87
:109F900013600C4A00210C48FCF7D2F803460B4A28
:109FA00013600B4A00210B48FCF7CAF803460A4A23
:109FB000136000BF80BD00BF185F002098600020C4
:109FC0009C6000209CAE0008D5A20008A060002084
:109FD000C0AE0008FDA30008A460002080B483B0D8
:109FE00000AF03460A46FB711346BB71FB79032B96
:109FF00026D801A252F823F009A0000817A00008F3
:10A0000025A0000833A00008BB79012B0CBF012359
:10A010000023DBB215E0BB79022B0CBF0123002328
:10A02000DBB20EE0BB79042B0CBF01230023DBB2B3
:10A0300007E0BB79042B0CBF01230023DBB200E057
:10A04000002318460C37BD465DF8047B704700BFFF
:10A0500080B584B000AFB9607A601A460346FB73DE
:10A060001346BB73FB7B032B32D801A252F823F0BB
:10A0700081A0000895A00008A9A00008BBA00008C6
:10A08000BB7B1946786800F035FB03461A46BB686F
:10A090001A701DE0BB7B1946786800F061FB03462F
:10A0A0001A46BB681A8013E0BB7B1946786800F03B
:10A0B0006DFB0246BB681A600AE0BB7B19467868F4
:10A0C00000F02CFBF0EE407ABB68C3ED007A00BFD5
:10A0D00000BF1037BD4680BD80B58EB000AFBA60FE
:10A0E0007B600346FB730B46BB7300237B6376E008
:10A0F00040497A6B13465B0013449B000B441B786A
:10A10000FF2B0AD03B497A6B13465B0013449B003C
:10A110000B441B78FA7B9A425ED136497A6B134620
:10A120005B0013449B000B4401331B78BA7B9A42BB
:10A1300052D130497A6B13465B0013449B000B44A9
:10A1400008331B785A1C7B689A4201D0FFF70AFF3C
:10A1500028497A6B13465B0013449B000B440A3377
:10A1600018787B68DBB207F11401BA68FFF770FF5B
:10A1700020497A6B13465B0013449B000B44093360
:10A180001B78002B10D01B497A6B13465B001344DD
:10A190009B000B4404331B68186807F1140101236A
:10A1A0000122FCF7FBF917E012497A6B13465B00BA
:10A1B00013449B000B44043318680E497A6B134612
:10A1C0005B0013449B000B4408331B781A4607F1CD
:10A1D0001403194600F0B0FC7B6B01337B63064B24
:10A1E0001B687A6B9A4283D300BF00BF3837BD46E5
:10A1F00080BD00BF185F00209860002080B582B04D
:10A2000000AF3B600346FB710B46BB7113467B718D
:10A210002E4B1B68202B01D1FFF7A4FE3A7C7B79E3
:10A2200011461846FFF7DAFE034683F00103DBB25E
:10A23000002B01D0FFF796FE244B1A6824491346E1
:10A240005B0013449B000B44FA791A701F4B1A6889
:10A250001F4913465B0013449B000B440133BA793A
:10A260001A701A4B1A681A4913465B0013449B0074
:10A270000B4404333A681A60144B1A6814491346A5
:10A280005B0013449B000B4408333A7C1A700F4B5D
:10A290001A680F4913465B0013449B000B440933B3
:10A2A00000221A70094B1A68094913465B001344CF
:10A2B0009B000B440A337A791A70044B1B680133F4
:10A2C000024A136000BF0837BD4680BD9860002079
:10A2D000185F002080B58EB000AF454B1B680A2187
:10A2E0001846FCF760F872E03B1D07F10C020021F4
:10A2F0004048F8F70BFA034687F8373097F83730BD
:10A30000002B64D1FB69002B00D160E0FB68132BAC
:10A310001BD0B3F5D07F31D1112387F829305223D8
:10A3200087F82830002387F82A3007F12803033301
:10A330000133FA69391D184600F0FEFBFB69DBB2F8
:10A340000133DBB287F8333038E03B79072B34D167
:10A35000132387F82930532387F82830002387F800
:10A360002A303B1D023307F12802D01C0522194672
:10A3700000F0E2FB052387F833301EE03B7987F8D5
:10A380002930FB68DBB203F03F03DBB287F82830EB
:10A39000FB689B09DBB203F00303DBB287F82A30CA
:10A3A000FA69391D07F128030333184600F0C4FB8E
:10A3B000FB69DBB287F8333000E000BF0E4B186852
:10A3C00097F82A2007F128010A23FCF7E7F8002173
:10A3D0000848F8F7ADFA0346002B85D1044B1B68FB
:10A3E0001846FCF72BF80A20FBF73CFF75E700BF87
:10A3F000DC600020B06000209C60002090B585B03B
:10A4000000AF0B4B1868FA1C391D0A23FCF726F91C
:10A410000346002B08D138797979FB7B1C463B1D1C
:10A42000DA1C2346FFF758FE0A20FBF71BFFE8E77C
:10A430009C60002080B500AF002209214FF480709D
:10A44000FCF739F80346094A1360084B1B68002BD8
:10A4500001D1FFF787FD064A00210648FBF770FE91
:10A460000346054A136000BF80BD00BFA8600020FE
:10A47000E4AE00080DA50008AC60002080B58CB0EB
:10A4800000AF0023BB611D4B1B683B610023FB61D8
:10A4900025E03B7A3B621A4B1B680A211846FBF702
:10A4A00082FF1848F8F7FDF8F86207F10C033A4606
:10A4B00007F110011348F8F724F8034687F82B300A
:10A4C00097F82B30002B02D03B6A01333B620C4BD8
:10A4D0001B681846FBF7B2FF0A20FBF7C3FE0A4BC6
:10A4E0001868394664230022FCF7B8F80346002BAD
:10A4F000CFD000BF00BF3037BD4680BDD860002040
:10A50000DC600020B0600020A860002080B584B02E
:10A5100000AF7860FFF7B2FF0520FBF7A3FEF9E775
:10A5200080B586B000AF78600B46FB70FB78082BD7
:10A5300001D9FFF717FDFB783B74FA7807F10803A0
:10A540007968184600F0F8FA094B186807F1080115
:10A550000A230022FCF722F878617B69002B02D0E5
:10A56000FB780133FB7000BF1837BD4680BD00BFCC
:10A57000A860002080B584B000AF03460A46FB7196
:10A580001346BB7107F10C02B979F879022300F088
:10A5900093F807F10C0302211846FFF7C1FF00BF33
:10A5A0001037BD4680BD000084B0B0B58CB000AFA0
:10A5B00007F1400484E80F002F4B1D4607F14004CB
:10A5C0000FCC0FC50FCC0FC594E8030085E803003E
:10A5D0000323BB610023FB6101233B6200237B61FA
:10A5E00001237B6200237B600023BB600023FB60B0
:10A5F00000233B610E23BB623B1D194607F140005F
:10A60000F7F771FE034687F82F3097F82F30002BAD
:10A6100001D0FFF7A7FC022107F14000F8F7B0F9DD
:10A62000034687F82F3097F82F30002B01D0FFF723
:10A6300099FC07F14000F7F720FF034687F82F3019
:10A6400097F82F30002B01D0FFF78CFC97F868307B
:10A650001BB243F480631BB29AB2084B1A800020ED
:10A66000FBF71BFE0346064A136000BF3037BD46AA
:10A67000BDE8B04004B07047B0600020D860002052
:10A68000DC60002080B483B000AF78607B681BBAC8
:10A6900018460C37BD465DF8047B704780B483B024
:10A6A00000AF0346FB80FB885BBA9BB218460C37B1
:10A6B000BD465DF8047B704780B483B000AF3A605C
:10A6C0001A460346FB710B46BB7113467B717B79BF
:10A6D000012B01D8002307E03B68FA791A703B6828
:10A6E0000133BA791A70022318460C37BD465DF85B
:10A6F000047B704780B483B000AF78600B46FB707A
:10A70000FB78012B01D8002302E07B6801331B7822
:10A7100018460C37BD465DF8047B704780B582B0A3
:10A7200000AF78600B46FB707B68002B02D0FB7893
:10A73000042B02D8DFED097A0BE07B680133184661
:10A7400000F0A3F80346184600F04CF8F0EE407A0B
:10A7500000BFB0EE670A0837BD4680BD0000C07F6D
:10A7600080B582B000AF78600B46FB70FB78022B9F
:10A7700001D8002306E07B680133184600F06CF82E
:10A78000034600BF18460837BD4680BD80B582B07D
:10A7900000AF78600B46FB707B68002B02D0FB7823
:10A7A000042B01D8002306E07B680133184600F033
:10A7B0006CF8034600BF18460837BD4680BD80B51B
:10A7C00082B000AF87ED010A3860386897ED010A62
:10A7D00000F082F8F0EE407AB0EE670A0837BD4626
:10A7E00080BD000080B586B000AF78607B68DB0F6D
:10A7F000FB757B68DB0DBB757B68C3F316033B61A0
:10A800003B6907EE903AB8EE677ADFED126AC7EE61
:10A81000267AB7EE007A77EE877ABB7D7F3B1846C3
:10A82000B0EE670AFFF7CBFF87ED030AFB7D002B35
:10A8300004D0D7ED037AF1EE677A01E0D7ED037A21
:10A84000C7ED037AFB6807EE903AB0EE670A183757
:10A85000BD4680BDFEFFFF4A80B584B000AF786082
:10A860007B681B789BB21B02FB817B6801331B78E2
:10A870009AB2FB891343FB81FB891846FFF70EFF51
:10A88000034618461037BD4680BD80B584B000AF82
:10A8900078607B681B781B06FB607B6801331B7844
:10A8A0001B041A46FB681343FB607B6802331B786A
:10A8B0001B021A46FB681343FB607B6803331B785B
:10A8C0001A46FB681343FB60F868FFF7DBFE03469C
:10A8D00018461037BD4680BD10B52DED028B0446DD
:10A8E000B0EE408A00F01EF8B8B1B5EE408AF1EE45
:10A8F00010FA12D0B0EE480A204600F021F8B0EE6F
:10A90000408A00F00FF820B1B5EE408AF1EE10FA5F
:10A9100003D100F0E5F822230360B0EE480ABDEC55
:10A92000028B10BD82B08DED010A019820F000402D
:10A93000B0F1FF4FACBF0020012002B07047000013
:10A9400010EE103A33F000422BD0B2F1FF4F02D399
:10A9500030EE000A704713F0FF4F23D1244BDFED98
:10A96000257A984220EE270A17DB10EE103AC3F33F
:10A97000C752193A4CF25031884215DDDFED1E7A8C
:10A98000DFED1E6A10EE103AB0EE677A002BB8BF0A
:10A99000F0EE667A27EE870A7047DFED197A27EE28
:10A9A000800A7047D20DE5E71044FE28E6DC002857
:10A9B00006DD23F0FF4343EAC05300EE103A704730
:10A9C00010F1160F09DADFED0E7ADFED0E6A10EEE8
:10A9D000103AB0EE677A002BD9E7193023F0FF4325
:10A9E00043EAC0539FED080A07EE903AD7E700BF4D
:10A9F000B03CFFFF0000004CCAF24971CAF249F1B5
:10AA00006042A20D6042A28D00000033014800F0B8
:10AA100091B800BF1C620020014800F08CB800BF54
:10AA20001C62002002440346934200D1704703F8A1
:10AA3000011BF9E7294B1B68834270B504464BD0D4
:10AA4000C36943B1DB68002B44D1E369196811B1D4
:10AA5000204600F07FF8616911B1204600F07AF8D5
:10AA6000E16911B1204600F075F8216B11B1204663
:10AA700000F070F8616B11B1204600F06BF8A16B2B
:10AA800011B1204600F066F8A16C11B1204600F02B
:10AA900061F8616C11B1204600F05CF8E16A11B117
:10AAA000204600F057F8236AB3B12046BDE8704055
:10AAB0001847495941B90435E369802DD968F8D15F
:10AAC000204600F047F8C0E70E68204600F042F844
:10AAD0003146EFE70025EFE770BD00BF940000208E
:10AAE000014B1868704700BF9400002070B50D4DF1
:10AAF0000D4C641BA4100026A64209D10B4D0C4C32
:10AB000000F074F8641BA4100026A64205D170BDA5
:10AB100055F8043B98470136EEE755F8043B984753
:10AB20000136F2E710AF000810AF000810AF0008C0
:10AB300014AF0008704770470A44914200F1FF3398
:10AB400000D1704710B511F8014B03F8014F914245
:10AB5000F9D110BD37B5002944D051F8043C01901B
:10AB6000002BA1F10404B8BFE418FFF74FFF1E4A01
:10AB70000198136833B96360146003B0BDE83040D6
:10AB8000FFF74ABFA34208D9256861198B4201BF6C
:10AB900019685B6849192160EDE71A465B680BB1DB
:10ABA000A342FAD911685518A5420BD12468214453
:10ABB0005418A3421160E0D11C685B6853600C44D8
:10ABC0001460DAE702D90C230360D6E7256861191F
:10ABD0008B4204BF19685B68636004BF4919216038
:10ABE0005460CAE703B030BDE0600020F8B500BF94
:10ABF000F8BC08BC9E467047F8B500BFF8BC08BC5E
:04AC00009E467047B5
:10AC040064656661756C745461736B00656D65721F
:10AC140067656E637973746F7000000063616E6CB6
:10AC240069625F686200000064726976656D6F64D2
:10AC34006500000064726976657270726573656E92
:10AC44007400000072657365727665006672656EE5
:10AC54006F6D616E75616C006472697665726661B0
:10AC6400756C740049444C450000000009256309D3
:10AC740025750925750925750D0A0000092575092D
:10AC840009257525250D0A0009257509093C312575
:10AC9400250D0A00546D722053766300546D725171
:10ACA400000000007374656572696E67000000003F
:10ACB4006272616B696E67006770696F735F6D6F55
:10ACC4006E69746F72696E670000000076616E745D
:10ACD4007465635F63616E6C69625F63616E726504
:10ACE4007365740063616E6C69625F727800000062
:10ACF40063616E6C69625F71756575655F7278001A
:10AD040063616E6C69625F747800000004AC0008D3
:10AD1400000000000000000000000000000000002F
:10AD240000020000200000000000000000000000FD
:10AD340010AC00080000000000000000000000004B
:10AD440000000000000200000000000000000000FD
:10AD54000000000020AC000800000000000000001B
:10AD6400000000000000000080000000000000005F
:10AD740000000000000000002CAC000800000000EF
:10AD840000000000000000000000000000020000BD
:10AD940000000000000000000000000048AC0008B3
:10ADA400000000000000000000000000000000009F
:10ADB400000200000000000000000000000000008D
:10ADC40050AC00080000000000000000000000007B
:10ADD400000000000002000000000000000000006D
:10ADE400000000005CAC000800000000000000004F
:10ADF400000000000000000000020000000000004D
:10AE0400000000000000000000000000000000003E
:10AE140001020304060708090000000001020304FC
:10AE2400A0860100400D0300801A060000350C00C6
:10AE340040420F0080841E0000093D0000127A0089
:10AE44000024F40000366E010048E801006CDC02C6
:10AE5400B4AC000800000000000000000000000086
:10AE640000000000000200000000000000000000DC
:10AE740000000000D0AC000800000000000000004A
:10AE8400000000000000000080000000000000003E
:10AE94000000000000000000E8AC00080000000012
:10AEA400000000000000000000000000000100009D
:10AEB400000000000000000000000000F4AC0008E6
:10AEC400000000000000000000000000000000007E
:10AED400000100000000000000000000000000006D
:10AEE40004AD0008000000000000000000000000A5
:10AEF40000000000800100000000000000000000CD
:04AF04000000000049
:08AF0800F852FF7F0100000078
:04AF1000B50100087F
:04AF1400910100089F
:10AF180000093D001000000001000000AAAAAAAA2A
:10AF280000100000001000000000000100000000F8
:10AF380000000000000000000010000018000000E1
:10AF48000080010000000000000000000000000078
:10AF5800000050410100000000000000E4600020F3
:10AF68004C610020B46100200000000000000000D7
:10AF780000000000000000000000000000000000C9
:10AF880000000000000000000000000000000000B9
:10AF980000000000000000000000000000000000A9
:08AFA800000000004800002039
:0400000508001335A7
:00000001FF
